word_segment,instances,prominence
འི་,514,4.557545664124845
ར་,474,4.202872849796063
ས་,291,2.580244724241887
དང་,270,2.3940414967192765
ལ་,221,1.959567299166519
ལ,175,1.55169356268842
དུ་,165,1.4630253591062246
མི་,136,1.2058875687178578
ཀྱི་,135,1.1970207483596382
ནི་,122,1.081752083702784
ཀྱང་,95,0.8423479340308565
གི་,94,0.8334811136726369
བདག་,86,0.7625465508068806
དེ་,81,0.7182124490157829
ནས་,78,0.6916119879411242
ཡང་,75,0.6650115268664657
སོགས་,74,0.6561447065082462
ཞེས་,74,0.6561447065082462
གྱི་,68,0.6029437843589289
མ་,67,0.5940769640007093
ས,65,0.5763433232842703
གིས་,65,0.5763433232842703
ཏུ་,60,0.5320092214931725
སུ་,58,0.5142755807767334
བྱང་ཆུབ་,56,0.49654194006029434
རྣམས་,55,0.48767511970207483
འདི་,50,0.4433410179109771
ན་,50,0.4433410179109771
ན,49,0.43447419755275757
བྱེད་,48,0.425607377194538
གནས་,46,0.407873736478099
བྱས་,44,0.39014009576165987
ཞིང་,43,0.3812732754034403
ཀྱིས་,42,0.3724064550452208
སོ,42,0.3724064550452208
ཐམས་ཅད་,40,0.35467281432878167
ཅིང་,39,0.3458059939705621
སེམས་,38,0.33693917361234266
ཤིང་,38,0.33693917361234266
ཡིན་,38,0.33693917361234266
ཉོན་མོངས་པ་,36,0.31920553289590353
ཉོན་མོངས་,35,0.31033871253768397
གང་,34,0.30147189217946446
གྱུར་,33,0.2926050718212449
ཡོད་,32,0.28373825146302534
སྟེ,31,0.27487143110480583
ནི,31,0.27487143110480583
གཅིག་,31,0.27487143110480583
ཆོས་,30,0.26600461074658627
ཕྱིར་,30,0.26600461074658627
སངས་རྒྱས་,30,0.26600461074658627
ཡི་,30,0.26600461074658627
ཉོན་མོངས་པ,30,0.26600461074658627
འགྱུར་,29,0.2571377903883667
སེམས་ཅན་,29,0.2571377903883667
འང་,28,0.24827097003014717
མེད་,28,0.24827097003014717
སྡུག་བསྔལ་,28,0.24827097003014717
འདི,27,0.23940414967192764
ཤིན་ཏུ་,27,0.23940414967192764
བྱེད་པ་,26,0.2305373293137081
བག་,26,0.2305373293137081
མེད་པ,26,0.2305373293137081
བྱེད་པ,26,0.2305373293137081
དགྲ་,26,0.2305373293137081
ནས,25,0.22167050895548854
དོན་,25,0.22167050895548854
གཞན་,25,0.22167050895548854
གྱིས་,24,0.212803688597269
དེ་དག་,24,0.212803688597269
ཚེ་,24,0.212803688597269
བྱ,23,0.2039368682390495
དུས་,23,0.2039368682390495
གྱུར་པ,23,0.2039368682390495
ཀུན་,23,0.2039368682390495
འཇིག་རྟེན་,23,0.2039368682390495
འམ་,22,0.19507004788082993
བྱ་,22,0.19507004788082993
དེ་ལྟར་,22,0.19507004788082993
དེ,22,0.19507004788082993
ཞིག་,22,0.19507004788082993
འོ,21,0.1862032275226104
མདོ་,21,0.1862032275226104
རོ,21,0.1862032275226104
བློ་,20,0.17733640716439084
དེ་བཞིན་,20,0.17733640716439084
དགེ་བ,20,0.17733640716439084
ཙམ་,20,0.17733640716439084
ངན་སོང་,20,0.17733640716439084
ལུས་,20,0.17733640716439084
དག་,20,0.17733640716439084
ཐབས་,20,0.17733640716439084
སྟེ་,19,0.16846958680617133
བར་,19,0.16846958680617133
ཏེ་,19,0.16846958680617133
བཞིན་,19,0.16846958680617133
ཕྱོགས་,18,0.15960276644795177
སེམས་དཔའ་,18,0.15960276644795177
མེད་པ་,18,0.15960276644795177
ལྟར་,18,0.15960276644795177
རང་,17,0.15073594608973223
རབ་ཏུ་,17,0.15073594608973223
དུ,17,0.15073594608973223
ཅི་,17,0.15073594608973223
འགྱུར,17,0.15073594608973223
སྔར་,17,0.15073594608973223
གནོད་པ་,17,0.15073594608973223
འགྲོ་བ་,16,0.14186912573151267
ཏེ,16,0.14186912573151267
མིན་,16,0.14186912573151267
ཐོབ་པ་,16,0.14186912573151267
ནང་,16,0.14186912573151267
གནོད་,16,0.14186912573151267
གསུམ་,15,0.13300230537329313
བསླབ་པ་,15,0.13300230537329313
ཡོངས་སུ་,15,0.13300230537329313
དགེ་བ་,15,0.13300230537329313
གལ་ཏེ་,15,0.13300230537329313
རིགས་,15,0.13300230537329313
བདེ་བ་,15,0.13300230537329313
སྟོབས་,15,0.13300230537329313
རྙེད་,15,0.13300230537329313
གཉེན་པོ་,14,0.12413548501507359
གཉིས་,14,0.12413548501507359
གསུངས་པ་,14,0.12413548501507359
ཇི་ལྟར་,14,0.12413548501507359
ཡོད་པ,14,0.12413548501507359
རྒྱུ་,14,0.12413548501507359
བརྩོན་པ,14,0.12413548501507359
དེ་ཡང་,14,0.12413548501507359
ཆེན་པོ་,14,0.12413548501507359
སྡིག་པ་,14,0.12413548501507359
རང་བཞིན་,14,0.12413548501507359
ཉམས་པ,13,0.11526866465685405
སྒོ་,13,0.11526866465685405
ནོ,13,0.11526866465685405
གསུངས་,13,0.11526866465685405
བྱ་བ,13,0.11526866465685405
ཡུལ་,13,0.11526866465685405
ཉིད་,13,0.11526866465685405
འཁོར་བ,13,0.11526866465685405
བསྟན་པ་,12,0.1064018442986345
རྟག་,12,0.1064018442986345
ནུས་,12,0.1064018442986345
ཡང་དག་པ,12,0.1064018442986345
ལྷ་,12,0.1064018442986345
རྒྱལ་པོ་,12,0.1064018442986345
ཞེ་སྡང་,12,0.1064018442986345
བྱ་བ་,12,0.1064018442986345
འགྲོ་བ,12,0.1064018442986345
དོ,12,0.1064018442986345
སྐྱེ་བ,12,0.1064018442986345
དམ་བཅ,11,0.09753502394041497
བག་མེད་པ,11,0.09753502394041497
སྒྲུབ་པ,11,0.09753502394041497
རྩ་བ་,11,0.09753502394041497
སེམས་བསྐྱེད་,11,0.09753502394041497
འབྲས་བུ་,11,0.09753502394041497
འཇུག་,11,0.09753502394041497
ཉམས་,11,0.09753502394041497
ར,11,0.09753502394041497
ནུས་པ་,11,0.09753502394041497
ཡུན་རིང་,11,0.09753502394041497
སྐྱོན་,11,0.09753502394041497
ག་ལ་,11,0.09753502394041497
བཅས་,11,0.09753502394041497
རྙེད་པ,11,0.09753502394041497
ཆེད་,11,0.09753502394041497
དགྲ་བོ་,11,0.09753502394041497
ལེའུ་,10,0.08866820358219542
དང་པོ་,10,0.08866820358219542
དབང་,10,0.08866820358219542
འདོད་ཆགས་,10,0.08866820358219542
བརྟགས་,10,0.08866820358219542
བདག་ཉིད་,10,0.08866820358219542
ཡེ་ཤེས་,10,0.08866820358219542
བྱས་པ,10,0.08866820358219542
གནས་སྐབས་,10,0.08866820358219542
འགྱུར་བ,10,0.08866820358219542
ཡིད་,10,0.08866820358219542
ཚུལ་,10,0.08866820358219542
སྐྱེ་བ་,10,0.08866820358219542
ལྟ་བུ,10,0.08866820358219542
ས་བོན་,10,0.08866820358219542
འབྱུང་བ་,10,0.08866820358219542
དགོས་,10,0.08866820358219542
མེ་,10,0.08866820358219542
འདི་དག་,10,0.08866820358219542
བརྒྱ་,10,0.08866820358219542
དགྲ,10,0.08866820358219542
བསྟེན་,10,0.08866820358219542
གཉིས་པ་,9,0.07980138322397588
བཟོད་པ་,9,0.07980138322397588
གོང་,9,0.07980138322397588
གནས་པ,9,0.07980138322397588
བསམས་,9,0.07980138322397588
རྟེན་,9,0.07980138322397588
གང་ཞིག་,9,0.07980138322397588
མཐོང་,9,0.07980138322397588
ཤེས་རབ་,9,0.07980138322397588
སྤྱོད་པ་,9,0.07980138322397588
མི,9,0.07980138322397588
ཐོབ་པ,9,0.07980138322397588
ལོ་,9,0.07980138322397588
དངོས་པོ་,9,0.07980138322397588
ལྟ་བུ་,9,0.07980138322397588
ཡིན,9,0.07980138322397588
བརྩོན་,9,0.07980138322397588
ཉམས་ལེན་,9,0.07980138322397588
ཐོབ་,9,0.07980138322397588
བཤད་པ་,8,0.07093456286575633
དངོས་,8,0.07093456286575633
བསླབ་བྱ་,8,0.07093456286575633
དྲུག་,8,0.07093456286575633
རྒྱུ,8,0.07093456286575633
འཇམ་དཔལ་,8,0.07093456286575633
རྫོགས་པ,8,0.07093456286575633
བསླབ་པ,8,0.07093456286575633
དེས་ན་,8,0.07093456286575633
ཡོད་པ་,8,0.07093456286575633
ཅི་ཞིག་,8,0.07093456286575633
ལེ་ལོ་,8,0.07093456286575633
འཆི་བ,8,0.07093456286575633
དལ་འབྱོར་,8,0.07093456286575633
བཏང་,8,0.07093456286575633
ནའང་,8,0.07093456286575633
ངེས་,8,0.07093456286575633
སྐབས་,8,0.07093456286575633
རྣམ་སྨིན་,8,0.07093456286575633
མང་,8,0.07093456286575633
འོག་,8,0.07093456286575633
སྦྱིན་པ,8,0.07093456286575633
སྙམ་,8,0.07093456286575633
འདོད་,8,0.07093456286575633
སྐད་ཅིག་,8,0.07093456286575633
འི,8,0.07093456286575633
ངན་འགྲོ་,8,0.07093456286575633
ལྡན་པ,8,0.07093456286575633
ཆེས་,8,0.07093456286575633
ཤེས་པ,8,0.07093456286575633
ལྟར,8,0.07093456286575633
རྣམ་པ་,8,0.07093456286575633
དཀའ་བ་,8,0.07093456286575633
དཀའ་,8,0.07093456286575633
རྨོངས་པ,8,0.07093456286575633
ཤེས་,8,0.07093456286575633
གྱུར་པ་,8,0.07093456286575633
བདག་མེད་,8,0.07093456286575633
མཐུན་,7,0.06206774250753679
བཟོད་པ,7,0.06206774250753679
དེ་ལྟ་,7,0.06206774250753679
ཕྱིན་,7,0.06206774250753679
བསྒྲུབ་པ,7,0.06206774250753679
སེམས་དཔ,7,0.06206774250753679
བཅས་པ་,7,0.06206774250753679
ལ་མ་,7,0.06206774250753679
བརྩོན་འགྲུས་,7,0.06206774250753679
དེ་བ,7,0.06206774250753679
མཐ,7,0.06206774250753679
བྱུང་,7,0.06206774250753679
ཟིན་པ,7,0.06206774250753679
ཆེན་པོ,7,0.06206774250753679
སྨོན་,7,0.06206774250753679
ཚོགས་,7,0.06206774250753679
སྐྱེ་,7,0.06206774250753679
ཚེ,7,0.06206774250753679
སྲིད་,7,0.06206774250753679
ཟིན་,7,0.06206774250753679
བསྐྱེད་,7,0.06206774250753679
བསོད་ནམས་,7,0.06206774250753679
དགོས་པ་,7,0.06206774250753679
འཇིགས་,7,0.06206774250753679
རིང་,7,0.06206774250753679
ཆེ་བ་,7,0.06206774250753679
རྒྱུན་,7,0.06206774250753679
ནད་,7,0.06206774250753679
ཡིས་,7,0.06206774250753679
དུའང་,7,0.06206774250753679
སྐྱེས་,7,0.06206774250753679
ད་ལྟ་,7,0.06206774250753679
བརྩོན་པ་,7,0.06206774250753679
མི་ལུས་,7,0.06206774250753679
འཇུག་པ་,7,0.06206774250753679
འབའ་ཞིག་,7,0.06206774250753679
གསུངས,7,0.06206774250753679
ཅི་ཡང་,7,0.06206774250753679
ལོག་,7,0.06206774250753679
ཡིན་པ,7,0.06206774250753679
སྤང་,7,0.06206774250753679
ཡོངས་,7,0.06206774250753679
སྨན་,7,0.06206774250753679
བསླབ་,6,0.05320092214931725
ཅུང་ཟད་,6,0.05320092214931725
སྲོག་,6,0.05320092214931725
ཕྱིར་ཡང་,6,0.05320092214931725
འབད་,6,0.05320092214931725
བུ་,6,0.05320092214931725
ཞེ་ན,6,0.05320092214931725
སྒྲུབ་པ་,6,0.05320092214931725
བཟོད་,6,0.05320092214931725
སྲུང་བ་,6,0.05320092214931725
འབྱུང་བ,6,0.05320092214931725
དཀའ་བ,6,0.05320092214931725
ཅན་,6,0.05320092214931725
ཏེ་བག་,6,0.05320092214931725
ཕན་པ་,6,0.05320092214931725
ལྡོག་,6,0.05320092214931725
རུ་,6,0.05320092214931725
མྱོང་བ,6,0.05320092214931725
རྒྱུ་མཚན་,6,0.05320092214931725
རྒྱ་མཚོ་,6,0.05320092214931725
མྱ་ངན་,6,0.05320092214931725
དེ་ལས་,6,0.05320092214931725
བླ་,6,0.05320092214931725
ཡི་དྭགས་,6,0.05320092214931725
ཟས་,6,0.05320092214931725
བཞག་,6,0.05320092214931725
དག,6,0.05320092214931725
མ་ཡིན་པ,6,0.05320092214931725
འོ་ན་,6,0.05320092214931725
དུ་མ་,6,0.05320092214931725
འདྲ,6,0.05320092214931725
མིན་པ,6,0.05320092214931725
མང་པོ,6,0.05320092214931725
བསྐལ་པ་,6,0.05320092214931725
མིན,6,0.05320092214931725
ཉེས་པ་,6,0.05320092214931725
གཞན་དག་,6,0.05320092214931725
ཆད་,6,0.05320092214931725
ལྟ་,6,0.05320092214931725
ཞི་བ,6,0.05320092214931725
བཞིན,6,0.05320092214931725
རྒྱུད་,6,0.05320092214931725
ཁྱད་པར་,6,0.05320092214931725
རུང་བ་,6,0.05320092214931725
རང་ཉིད་,6,0.05320092214931725
ཕྱི་,6,0.05320092214931725
རྐྱེན་,6,0.05320092214931725
ནམ་,6,0.05320092214931725
འཛིན་པ,6,0.05320092214931725
ཕྲག་,6,0.05320092214931725
དམྱལ་,6,0.05320092214931725
བྱེད,6,0.05320092214931725
ཆགས་,6,0.05320092214931725
འཛིན་,6,0.05320092214931725
རྣམ་འགྲེལ་,6,0.05320092214931725
མདོ,5,0.04433410179109771
ཐོག་མ,5,0.04433410179109771
བཟུང་,5,0.04433410179109771
འབད་པ,5,0.04433410179109771
འཇུག་པ,5,0.04433410179109771
དམ་བཅའ་,5,0.04433410179109771
ཚིག་,5,0.04433410179109771
ཐོས་,5,0.04433410179109771
བདེ་བ,5,0.04433410179109771
གཙོ་བོ་,5,0.04433410179109771
ངོ་བོ་,5,0.04433410179109771
སུ,5,0.04433410179109771
གཏི་མུག་,5,0.04433410179109771
བཅས་པ,5,0.04433410179109771
འདོད་པ་,5,0.04433410179109771
སྔོན་,5,0.04433410179109771
བག་མེད་པ་,5,0.04433410179109771
སྒོམ་,5,0.04433410179109771
སྡིག་པ,5,0.04433410179109771
གཡུལ་,5,0.04433410179109771
སྤང་བྱ་,5,0.04433410179109771
བརྟགས་པ,5,0.04433410179109771
ཅིག་,5,0.04433410179109771
བླངས་,5,0.04433410179109771
ཡོད,5,0.04433410179109771
ཕན་,5,0.04433410179109771
ཆོས་ཉིད་,5,0.04433410179109771
ཚུལ་ཁྲིམས་,5,0.04433410179109771
འཛིན་པ་,5,0.04433410179109771
སེམས་བསྐྱེད་པ,5,0.04433410179109771
འོ་,5,0.04433410179109771
སྦྱོར་བ་,5,0.04433410179109771
ལས་མ་,5,0.04433410179109771
མཐོང་བ,5,0.04433410179109771
རྣམ་པ,5,0.04433410179109771
སྨྲ་བ་,5,0.04433410179109771
བསམ་,5,0.04433410179109771
མི་གང་,5,0.04433410179109771
དམྱལ་བ,5,0.04433410179109771
བདེ་འགྲོ,5,0.04433410179109771
བྱང་སེམས་,5,0.04433410179109771
བདེ་འགྲོ་,5,0.04433410179109771
ངེས་པ,5,0.04433410179109771
སྐྱེས་པ,5,0.04433410179109771
བཅད་,5,0.04433410179109771
སོ་,5,0.04433410179109771
བར་ཆད་,5,0.04433410179109771
མྱོང་,5,0.04433410179109771
བུ,5,0.04433410179109771
དམ་,5,0.04433410179109771
སྐྱེད་པ,5,0.04433410179109771
བཅོམ་,5,0.04433410179109771
ལ་སོགས་པ,5,0.04433410179109771
དབང་པོ་,5,0.04433410179109771
མངོན་པར་,5,0.04433410179109771
ཁོ་ན་,5,0.04433410179109771
བྱས་པ་,5,0.04433410179109771
གིས,5,0.04433410179109771
གྱིས,5,0.04433410179109771
ད་དུང་,5,0.04433410179109771
ཚེ་རབས་,5,0.04433410179109771
ཆེ་བ,5,0.04433410179109771
འབྱོར་,5,0.04433410179109771
ལྔ་,5,0.04433410179109771
སྤངས་,5,0.04433410179109771
དཀའ,5,0.04433410179109771
ལུས་རྟེན་,5,0.04433410179109771
ལྡན་,5,0.04433410179109771
དེ་ཉིད་,5,0.04433410179109771
རུས་སྦལ་,5,0.04433410179109771
རྙེད་པ་,5,0.04433410179109771
རླུང་,5,0.04433410179109771
ཐུབ་པ་,5,0.04433410179109771
ཀྱི,5,0.04433410179109771
སྙམ་པ,5,0.04433410179109771
གཉེན་པོ,5,0.04433410179109771
ཚབས་,5,0.04433410179109771
རྟོགས་,5,0.04433410179109771
གནོད་པ,5,0.04433410179109771
ཡིན་པ་,5,0.04433410179109771
གཞོམ་པ་,5,0.04433410179109771
ངེས་པར་,5,0.04433410179109771
སྤང་བ,5,0.04433410179109771
ང་རྒྱལ་,5,0.04433410179109771
གཞོམ་པ,5,0.04433410179109771
ཉེ,5,0.04433410179109771
མིག་,5,0.04433410179109771
འཛིན་སྟངས་,5,0.04433410179109771
ཡོན་ཏན་,5,0.04433410179109771
རྩད་,5,0.04433410179109771
ལེའུ,4,0.03546728143287817
རབ་,4,0.03546728143287817
ལས་མི་,4,0.03546728143287817
ཚང་བ,4,0.03546728143287817
སྨོས་,4,0.03546728143287817
གཤེགས་པ,4,0.03546728143287817
བདག་པོ་,4,0.03546728143287817
སྙིང་པོ,4,0.03546728143287817
ཅེས་,4,0.03546728143287817
ཕུན་སུམ་,4,0.03546728143287817
ཉམས་པ་,4,0.03546728143287817
མི་དགེ་བ་,4,0.03546728143287817
སློབ་དཔོན་,4,0.03546728143287817
བསམ་པ་,4,0.03546728143287817
བསྲུང་བ་,4,0.03546728143287817
ཞིབ་,4,0.03546728143287817
སྤྱི་,4,0.03546728143287817
མཁྱེན་པ,4,0.03546728143287817
མངོན་སུམ་,4,0.03546728143287817
རིགས་པ,4,0.03546728143287817
རུང་,4,0.03546728143287817
གནས་པ་,4,0.03546728143287817
བྱམས་པ་,4,0.03546728143287817
འདྲ་བ,4,0.03546728143287817
འཁོར་བ་,4,0.03546728143287817
ལག་ལེན་,4,0.03546728143287817
སྦྱིན་,4,0.03546728143287817
གྲངས་,4,0.03546728143287817
སྐྱེ་བ་ཕྱི་མ,4,0.03546728143287817
བློ་གྲོས་,4,0.03546728143287817
རྒྱལ་པོ,4,0.03546728143287817
སྐྱེ་བོ་,4,0.03546728143287817
ལམ་,4,0.03546728143287817
ང་,4,0.03546728143287817
རྨོངས་,4,0.03546728143287817
ལོག་པ,4,0.03546728143287817
ལྟུང་བ,4,0.03546728143287817
ས་པ་,4,0.03546728143287817
འགྲོ་,4,0.03546728143287817
མཆོག་,4,0.03546728143287817
བླངས་པ,4,0.03546728143287817
སེམས་བསྐྱེད་པ་,4,0.03546728143287817
ཕྱིས་,4,0.03546728143287817
མཁྱེན་པ་,4,0.03546728143287817
རྣམ་,4,0.03546728143287817
བློ,4,0.03546728143287817
བཅུ་,4,0.03546728143287817
ཁོང་,4,0.03546728143287817
འདི་ལྟར་,4,0.03546728143287817
ཅི་སྟེ་,4,0.03546728143287817
འགྱུར་བ་,4,0.03546728143287817
སུ་ཞིག་,4,0.03546728143287817
འགལ་རྐྱེན་,4,0.03546728143287817
ཞི་བ་,4,0.03546728143287817
ཅིའི་ཕྱིར་,4,0.03546728143287817
སྨོས་ཅི་,4,0.03546728143287817
དགོས,4,0.03546728143287817
ཁམས་,4,0.03546728143287817
དགེ་སྡིག་,4,0.03546728143287817
བརྒྱུད་མ,4,0.03546728143287817
བསྟན་,4,0.03546728143287817
ཉེས་དམིགས་,4,0.03546728143287817
གསོ་བ,4,0.03546728143287817
ཆུ་,4,0.03546728143287817
འཆིང་བ་,4,0.03546728143287817
ལན་,4,0.03546728143287817
ཐོག་མེད་,4,0.03546728143287817
སྤྱིར་,4,0.03546728143287817
དམྱལ་བ་,4,0.03546728143287817
དུད་འགྲོ་,4,0.03546728143287817
ཆེན་,4,0.03546728143287817
གངྒཱའི་,4,0.03546728143287817
ཀླུང་,4,0.03546728143287817
སྙེད་,4,0.03546728143287817
བྱེ་བ་,4,0.03546728143287817
དམ་པ,4,0.03546728143287817
འཕེལ་བ,4,0.03546728143287817
དཀ,4,0.03546728143287817
འདི་འདྲ,4,0.03546728143287817
ད་རེས་,4,0.03546728143287817
གཞན་དབང་,4,0.03546728143287817
ཤེས་པ་,4,0.03546728143287817
བསགས་,4,0.03546728143287817
བརྒྱ,4,0.03546728143287817
གཉའ་ཤིང་,4,0.03546728143287817
གི,4,0.03546728143287817
ཆུད་,4,0.03546728143287817
འཚོ་བ་,4,0.03546728143287817
སྟེང་,4,0.03546728143287817
ཐར་བ,4,0.03546728143287817
ཐར་,4,0.03546728143287817
ཕར་ཕྱིན་,4,0.03546728143287817
གསུམ་པ་,4,0.03546728143287817
ཇི་ཞིག་,4,0.03546728143287817
སམ་,4,0.03546728143287817
འགའ་ཞིག་,4,0.03546728143287817
ཆགས་པ,4,0.03546728143287817
གཟུགས་,4,0.03546728143287817
ཕྱི་རོལ་,4,0.03546728143287817
འབྲེལ་,4,0.03546728143287817
གང་ཟག་,4,0.03546728143287817
བསད་,4,0.03546728143287817
རང་རྒྱུད་,4,0.03546728143287817
བསྟེན་པ,4,0.03546728143287817
སྙིང་,4,0.03546728143287817
ལུས་སེམས་,4,0.03546728143287817
དཀའ་སྤྱད་,4,0.03546728143287817
འཇོམས་བྱེད་,4,0.03546728143287817
དེང་,4,0.03546728143287817
སྤོངས་,4,0.03546728143287817
འཁོན་,4,0.03546728143287817
གནས་ལུགས་,4,0.03546728143287817
ཡང་དག་,4,0.03546728143287817
ཚད་མ་,4,0.03546728143287817
ཕྱིར,4,0.03546728143287817
རྟོགས་པ,4,0.03546728143287817
འཇུག་ལྡོག་,3,0.026600461074658625
ལྷུར་ལེན་པ་,3,0.026600461074658625
བརྟགས་པ་,3,0.026600461074658625
ཤེས་བཞིན་,3,0.026600461074658625
རྒྱས་པ,3,0.026600461074658625
འདའ་,3,0.026600461074658625
ཞེས་པ་,3,0.026600461074658625
གཏོང་བ,3,0.026600461074658625
ཕྱིན་ཆད་,3,0.026600461074658625
སྨོན་པ,3,0.026600461074658625
ཚད་,3,0.026600461074658625
རྫོགས་,3,0.026600461074658625
ནན་ཏན་,3,0.026600461074658625
ན་མེད་པ་,3,0.026600461074658625
ལྟ་ཅི་,3,0.026600461074658625
མིང་,3,0.026600461074658625
འདོད་པ,3,0.026600461074658625
གཡེང་བ,3,0.026600461074658625
འཕགས་པ་,3,0.026600461074658625
ག་,3,0.026600461074658625
གོ་,3,0.026600461074658625
ཁྲིམས་,3,0.026600461074658625
ཐོབ་བྱེད་,3,0.026600461074658625
བྱེད་ལས་,3,0.026600461074658625
གང་ཞེ་ན,3,0.026600461074658625
སྒོམ་པ་,3,0.026600461074658625
ཚོགས་པ་,3,0.026600461074658625
དཔེར་ན་,3,0.026600461074658625
བྲན་,3,0.026600461074658625
ཕན་ཡོན་,3,0.026600461074658625
བག་མེད་,3,0.026600461074658625
ཏོ,3,0.026600461074658625
ཁྱོད་,3,0.026600461074658625
བབ་ཅོལ་,3,0.026600461074658625
འམ,3,0.026600461074658625
ལེགས་པ,3,0.026600461074658625
དཔྱད་པ,3,0.026600461074658625
འབྲས་,3,0.026600461074658625
གཏན་,3,0.026600461074658625
མཐར་ཐུག་,3,0.026600461074658625
རང་གཞན་,3,0.026600461074658625
རྗེས་སུ་,3,0.026600461074658625
གྲུབ་,3,0.026600461074658625
ཕྱི་བཤོལ་,3,0.026600461074658625
དགོས་པ,3,0.026600461074658625
བྱུང་བ་,3,0.026600461074658625
མཐུ་,3,0.026600461074658625
བསླུས་པ,3,0.026600461074658625
མགྲོན་,3,0.026600461074658625
འདས་པ་,3,0.026600461074658625
ནོ་,3,0.026600461074658625
ཐོས་པ་,3,0.026600461074658625
མཆོད་སྦྱིན་,3,0.026600461074658625
ས་པ,3,0.026600461074658625
དཀོན་,3,0.026600461074658625
ཇི་སྲིད་,3,0.026600461074658625
ཐ་ན་,3,0.026600461074658625
ཐེག་པ་,3,0.026600461074658625
བཅོམ་ལྡན་འདས་,3,0.026600461074658625
དྲན་པ་,3,0.026600461074658625
ཉེར་,3,0.026600461074658625
བསླུས་,3,0.026600461074658625
མངོན་མཐོ་,3,0.026600461074658625
བདེན་པ,3,0.026600461074658625
བདེན་པ་,3,0.026600461074658625
ཁོ་ན,3,0.026600461074658625
ཐར་བ་,3,0.026600461074658625
དགྲ་བཅོམ་,3,0.026600461074658625
འགལ་,3,0.026600461074658625
ཕྲ་བ,3,0.026600461074658625
མཛད་པ,3,0.026600461074658625
ཐག་,3,0.026600461074658625
རང་རྒྱལ་,3,0.026600461074658625
ངས་,3,0.026600461074658625
ཡི,3,0.026600461074658625
སྨོན་སེམས་,3,0.026600461074658625
བྱེ་,3,0.026600461074658625
སྤྱོད་,3,0.026600461074658625
མུ་མཐའ་,3,0.026600461074658625
མེད,3,0.026600461074658625
ལ་བ,3,0.026600461074658625
དམན་པ་,3,0.026600461074658625
བས,3,0.026600461074658625
སྐྱེ་གནས་,3,0.026600461074658625
རྩ་བ,3,0.026600461074658625
གྲངས་མེད་,3,0.026600461074658625
མ་ཟད་,3,0.026600461074658625
བདེ་,3,0.026600461074658625
མཐོ་རིས་,3,0.026600461074658625
མ་ལུས་པ,3,0.026600461074658625
སྐྱེད་,3,0.026600461074658625
ཀྱིས,3,0.026600461074658625
བསམ་གཏན་,3,0.026600461074658625
སྐལ་བ་,3,0.026600461074658625
ནུས་པ,3,0.026600461074658625
འདས་,3,0.026600461074658625
ཉེས་པ,3,0.026600461074658625
ཕྱག་,3,0.026600461074658625
བསལ་,3,0.026600461074658625
གྲོལ་བ,3,0.026600461074658625
རྒྱན་,3,0.026600461074658625
བཟང་,3,0.026600461074658625
འགྲུབ་པ,3,0.026600461074658625
ཆེ་,3,0.026600461074658625
ཕྱི,3,0.026600461074658625
བྱེ་མ་,3,0.026600461074658625
སོང་,3,0.026600461074658625
རྟོག་,3,0.026600461074658625
ཟླ་བ་,3,0.026600461074658625
དང་སེམས་,3,0.026600461074658625
ཡུན་རིང་པོ་,3,0.026600461074658625
བརྒྱད་,3,0.026600461074658625
རུང་བ,3,0.026600461074658625
གོམས་,3,0.026600461074658625
དེ་ཕྱིར་,3,0.026600461074658625
མོད་,3,0.026600461074658625
ཟས་གོས་,3,0.026600461074658625
བོར་,3,0.026600461074658625
འཛོམས་པ,3,0.026600461074658625
རིགས་པ་,3,0.026600461074658625
གདམས་པ,3,0.026600461074658625
ཉ་,3,0.026600461074658625
ལྡོག་པ་,3,0.026600461074658625
རང་དབང་,3,0.026600461074658625
སྤྱད་,3,0.026600461074658625
བླང་དོར་,3,0.026600461074658625
ཉེ་བར་,3,0.026600461074658625
ཆེ,3,0.026600461074658625
བུ་ག,3,0.026600461074658625
མགྲིན་པ་,3,0.026600461074658625
ཕུལ,3,0.026600461074658625
དུ་མ,3,0.026600461074658625
དེ་ནས་,3,0.026600461074658625
མནར་མེད་པ,3,0.026600461074658625
བཅོམ་པ་,3,0.026600461074658625
དེ་ཙམ་,3,0.026600461074658625
མང་པོ་,3,0.026600461074658625
གོང་འཕེལ་,3,0.026600461074658625
བསྲེགས་,3,0.026600461074658625
གདོན་,3,0.026600461074658625
ཕན་པ,3,0.026600461074658625
སྔགས་,3,0.026600461074658625
ཟད,3,0.026600461074658625
ཅིས་,3,0.026600461074658625
ད་ལྟ,3,0.026600461074658625
སྨྱོན་པ་,3,0.026600461074658625
རྨོངས་པ་,3,0.026600461074658625
མཚུངས་པ,3,0.026600461074658625
རེ་ཞིག་,3,0.026600461074658625
ནོར་,3,0.026600461074658625
ཐོག་མ་,3,0.026600461074658625
ལ་སོགས་པ་,3,0.026600461074658625
མཐུན་པ,3,0.026600461074658625
སླར་ཡང་,3,0.026600461074658625
ཚོར་བ་,3,0.026600461074658625
ཁྱིམ་,3,0.026600461074658625
དེ་སྲིད་,3,0.026600461074658625
བཅོམ་པ,3,0.026600461074658625
འོང་,3,0.026600461074658625
གཡུལ་ངོ,3,0.026600461074658625
ཤུགས་དྲག་,3,0.026600461074658625
བསྐྱེད་པ,3,0.026600461074658625
ཞུམ་པ་,3,0.026600461074658625
འཚོ་བ,3,0.026600461074658625
བསྒྲལ་བ,3,0.026600461074658625
ལྡོག་པ,3,0.026600461074658625
སྤོང་བ,3,0.026600461074658625
ཞེན་པ་,3,0.026600461074658625
ཕྱུང་,3,0.026600461074658625
མཐོང་བ་,3,0.026600461074658625
འདྲ་,3,0.026600461074658625
དཔྱད་,3,0.026600461074658625
བྲལ་,3,0.026600461074658625
སྟོང་ཉིད་,3,0.026600461074658625
རང་བྱུང་,3,0.026600461074658625
ནད་པ་,3,0.026600461074658625
བསམ་གཞིག་,3,0.026600461074658625
སྨན་པ་,3,0.026600461074658625
སྙིང་རྗེ་,3,0.026600461074658625
སྒོམ་པ,3,0.026600461074658625
དུས་རབས་,3,0.026600461074658625
ཕྲག་དོག་,3,0.026600461074658625
སྤྱི་ཚོགས་,3,0.026600461074658625
ནང་བསྟན་,3,0.026600461074658625
དུག་,3,0.026600461074658625
བག་ཆགས་,3,0.026600461074658625
མངོན་གྱུར་,3,0.026600461074658625
འཁྲུལ་,3,0.026600461074658625
སྒྲིབ་པ་,3,0.026600461074658625
བཞི་པ,2,0.017733640716439084
མཚན་,2,0.017733640716439084
རྒྱལ་བ,2,0.017733640716439084
སྲས་,2,0.017733640716439084
བུར,2,0.017733640716439084
བརྟན་,2,0.017733640716439084
གཡེལ་བ་,2,0.017733640716439084
རྒྱལ་སྲས་,2,0.017733640716439084
ཆོ་ག,2,0.017733640716439084
དམན་པ,2,0.017733640716439084
བཞི་,2,0.017733640716439084
བཀོད་,2,0.017733640716439084
ཤཱ་རི,2,0.017733640716439084
ཉན་ཐོས་,2,0.017733640716439084
དེ་ལྟ་བས་ན་,2,0.017733640716439084
གསང་བ,2,0.017733640716439084
ཏིང་འཛིན་,2,0.017733640716439084
བརྗོད་པ་,2,0.017733640716439084
སྲུང་བ,2,0.017733640716439084
རག་,2,0.017733640716439084
ཟག་པ་,2,0.017733640716439084
ལས་ཅན་,2,0.017733640716439084
འདི་ལྟ་སྟེ་,2,0.017733640716439084
དྲག་,2,0.017733640716439084
ཁྲོ་,2,0.017733640716439084
མགུ་,2,0.017733640716439084
སྣོད་,2,0.017733640716439084
ཐོགས་,2,0.017733640716439084
ཆགས་པ་,2,0.017733640716439084
བདུད་རྩི,2,0.017733640716439084
གནས,2,0.017733640716439084
འཆི,2,0.017733640716439084
བསད,2,0.017733640716439084
ཞུགས་,2,0.017733640716439084
བཤེས་,2,0.017733640716439084
སྤྲིང་,2,0.017733640716439084
ཐུབ་པ,2,0.017733640716439084
བཀའ་,2,0.017733640716439084
གུས་པ,2,0.017733640716439084
གང་ཡིན་པ,2,0.017733640716439084
ཡང་ན་,2,0.017733640716439084
དོན་ལྡན་,2,0.017733640716439084
ཕྱིན་པ,2,0.017733640716439084
ཁ,2,0.017733640716439084
ལུས་ངག་,2,0.017733640716439084
ཕན་བདེ་,2,0.017733640716439084
ལེགས་ཚོགས་,2,0.017733640716439084
གཟིགས་,2,0.017733640716439084
རྒྱུ་འབྲས་,2,0.017733640716439084
འཕྲལ་ཡུན་,2,0.017733640716439084
མི་ཟད་,2,0.017733640716439084
ནདེ་,2,0.017733640716439084
ལེན་པ,2,0.017733640716439084
དེ་མེད་པ,2,0.017733640716439084
འོས་,2,0.017733640716439084
སེང་གེ་,2,0.017733640716439084
གང་དག་,2,0.017733640716439084
གནས་རི,2,0.017733640716439084
ཆ་,2,0.017733640716439084
འདི་ལྟ་སྟེ,2,0.017733640716439084
ཟན་,2,0.017733640716439084
བཟའ་བ་,2,0.017733640716439084
བཏུང་བ་,2,0.017733640716439084
སྦྱར་,2,0.017733640716439084
ན་དེ,2,0.017733640716439084
བསླུས་པ་,2,0.017733640716439084
འཕྱ་,2,0.017733640716439084
བསླུ་བ,2,0.017733640716439084
སྲུང་,2,0.017733640716439084
འོན་ཀྱང་,2,0.017733640716439084
སྤྱན་སྔ,2,0.017733640716439084
འགྲོ,2,0.017733640716439084
ཕལ་བ་,2,0.017733640716439084
ཁམ་,2,0.017733640716439084
སླར་,2,0.017733640716439084
བྱིན་,2,0.017733640716439084
ཇི་ག་,2,0.017733640716439084
དམ་པ་,2,0.017733640716439084
གཉེར་,2,0.017733640716439084
བསྒྲུབས་,2,0.017733640716439084
རམ་,2,0.017733640716439084
ཐར་པ,2,0.017733640716439084
ཁྱབ་,2,0.017733640716439084
གོ་འཕང་,2,0.017733640716439084
དང་ལ,2,0.017733640716439084
འདྲེས་མ,2,0.017733640716439084
དགྲ་བཅོམ་པ་,2,0.017733640716439084
སློབ་པ,2,0.017733640716439084
སྟོང་ཕྲག་,2,0.017733640716439084
བསྙེན་བཀུར་,2,0.017733640716439084
ནས་སེམས་ཅན་,2,0.017733640716439084
བདུད་,2,0.017733640716439084
བྲམ་ཟེ,2,0.017733640716439084
སྤྲུལ་,2,0.017733640716439084
གཡས་པ་,2,0.017733640716439084
བྱིན་པ་,2,0.017733640716439084
མི་གཙང་བ,2,0.017733640716439084
ཁྲོ,2,0.017733640716439084
སྤྱད་པ་,2,0.017733640716439084
ཐར་པ་,2,0.017733640716439084
ཐ་དད་པ,2,0.017733640716439084
ཀུན་མཁྱེན་,2,0.017733640716439084
ལྕི་བ་,2,0.017733640716439084
བཤགས་པ,2,0.017733640716439084
བྱུང་བ,2,0.017733640716439084
ཐོགས་པ,2,0.017733640716439084
བསྐལ་བ་,2,0.017733640716439084
བཅུ,2,0.017733640716439084
ཕམ་,2,0.017733640716439084
བས་,2,0.017733640716439084
འཕྲིན་ལས་,2,0.017733640716439084
ཤུགས་,2,0.017733640716439084
ཆོ་འཕྲུལ་,2,0.017733640716439084
བུ་མོ་,2,0.017733640716439084
གང་ལ་ལ་,2,0.017733640716439084
དུད་འགྲོ,2,0.017733640716439084
སྦྱིན་པ་,2,0.017733640716439084
ལུང་,2,0.017733640716439084
བཤིག་,2,0.017733640716439084
མཐའ་,2,0.017733640716439084
ཀླས་པ,2,0.017733640716439084
ལུས་ཅན་,2,0.017733640716439084
ལྟ་ཞོག་,2,0.017733640716439084
བཤིག་པ,2,0.017733640716439084
ཁྱབ་པ,2,0.017733640716439084
བཅད་པ་,2,0.017733640716439084
སྐྱེས་པ་,2,0.017733640716439084
མ་གཏོགས་པ,2,0.017733640716439084
ཅིས་ཀྱང་,2,0.017733640716439084
ལྟུང་བ་,2,0.017733640716439084
སྟོབས་ལྡན་,2,0.017733640716439084
ལྡན་པ་,2,0.017733640716439084
གཉིས་ཀ་,2,0.017733640716439084
ཏེ་དེ་,2,0.017733640716439084
དེ་ལྟས་,2,0.017733640716439084
དེ་ལྟ་བས་ན,2,0.017733640716439084
གུས་,2,0.017733640716439084
སྤྲོ་བ་,2,0.017733640716439084
ལེན་པ་,2,0.017733640716439084
ལྷག་བསམ་,2,0.017733640716439084
བསྐུལ་བ,2,0.017733640716439084
རབ་བྱུང་,2,0.017733640716439084
ཀུན་རིག་,2,0.017733640716439084
འདའ,2,0.017733640716439084
དེང་ནས་,2,0.017733640716439084
ཆད་པ་,2,0.017733640716439084
སྤྱོད་ཡུལ་,2,0.017733640716439084
བྱོན་,2,0.017733640716439084
ལུས་པ་,2,0.017733640716439084
རྟོགས་པ་,2,0.017733640716439084
མངོན་རྟོགས་,2,0.017733640716439084
ངན་འགྲོ,2,0.017733640716439084
སྤྱད་པ,2,0.017733640716439084
ན་ཡང་,2,0.017733640716439084
རྒྱལ་ཁྲིམས་,2,0.017733640716439084
རལ་གྲི་,2,0.017733640716439084
བཤགས་པ་,2,0.017733640716439084
སངས་རྒྱས་པ་,2,0.017733640716439084
གཞན་དོན་,2,0.017733640716439084
རེ་རེ་,2,0.017733640716439084
ནོར་བུ་,2,0.017733640716439084
ཕུལ་བ་,2,0.017733640716439084
བསྐལ་པ,2,0.017733640716439084
སྒྲོན་མེ,2,0.017733640716439084
འགག་པ་,2,0.017733640716439084
ཡང་ཡང་,2,0.017733640716439084
གཤེགས་པ་,2,0.017733640716439084
དད་,2,0.017733640716439084
དགེ་གོམས་,2,0.017733640716439084
ནམ་ཞིག་,2,0.017733640716439084
དཀོན་པ་,2,0.017733640716439084
དད་པ་,2,0.017733640716439084
ཏེ་མི་,2,0.017733640716439084
ནད་མེད་,2,0.017733640716439084
ཉི་མ་,2,0.017733640716439084
འཚེ་བ་,2,0.017733640716439084
བསླུ་བ་,2,0.017733640716439084
ཐང་,2,0.017733640716439084
ཆོག་,2,0.017733640716439084
འཚོ་,2,0.017733640716439084
འཛོམས་,2,0.017733640716439084
སྡོད་,2,0.017733640716439084
མི་རྟག་པ,2,0.017733640716439084
གོས་,2,0.017733640716439084
འཆི་བདག་,2,0.017733640716439084
ངེས་པ་,2,0.017733640716439084
འཆི་,2,0.017733640716439084
འཐོབ་,2,0.017733640716439084
མི་རིགས་,2,0.017733640716439084
སྲིད་པ,2,0.017733640716439084
དབུ་མ་,2,0.017733640716439084
ཡང་དག་པ་,2,0.017733640716439084
སྒྲ་,2,0.017733640716439084
དཔག་,2,0.017733640716439084
མགྲིན་,2,0.017733640716439084
བུ་ག་,2,0.017733640716439084
གཅིག་པ་,2,0.017733640716439084
དགེ་སློང་,2,0.017733640716439084
ཤིང་བུ་,2,0.017733640716439084
ཞར་བ་,2,0.017733640716439084
ཚེ་ལོ་,2,0.017733640716439084
ལན་ཅིག་,2,0.017733640716439084
གཅིག་པ,2,0.017733640716439084
དཔའ་བོ,2,0.017733640716439084
དཔེ་,2,0.017733640716439084
ད་,2,0.017733640716439084
ཆོད་,2,0.017733640716439084
ཤིག་,2,0.017733640716439084
ཡར་,2,0.017733640716439084
བསྲུང་,2,0.017733640716439084
སྡིག་,2,0.017733640716439084
ཁོང་ཁྲོ་བ་,2,0.017733640716439084
བསྐལ་བ,2,0.017733640716439084
དུས་ཡུན་,2,0.017733640716439084
རིང་པོ,2,0.017733640716439084
བསགས་པ,2,0.017733640716439084
ཕན་ཚུན་,2,0.017733640716439084
སྲོག་གཅོད་པ་,2,0.017733640716439084
སྒྲུབ་,2,0.017733640716439084
ཡིས,2,0.017733640716439084
སྒྱིད་ལུག་,2,0.017733640716439084
ལྡང་བ,2,0.017733640716439084
སྒྱིད་ལུག་པ,2,0.017733640716439084
རིང་བ,2,0.017733640716439084
འགྱོད་པ་,2,0.017733640716439084
ཡུན་,2,0.017733640716439084
ལྷག་,2,0.017733640716439084
རིག་,2,0.017733640716439084
སྲེད་,2,0.017733640716439084
ཟག་བཅས་,2,0.017733640716439084
སྲེད་པ་,2,0.017733640716439084
རྩ་ཉོན་,2,0.017733640716439084
ཉེ་ཉོན་,2,0.017733640716439084
ཉི་ཤུ་,2,0.017733640716439084
ལག་པ་,2,0.017733640716439084
གྲུབ་པ་,2,0.017733640716439084
མཁས་,2,0.017733640716439084
སྣ་ཚོགས་,2,0.017733640716439084
དགའ་མགུ,2,0.017733640716439084
སྨད་པ,2,0.017733640716439084
བསྔགས་པ,2,0.017733640716439084
བསྒོམ་པ,2,0.017733640716439084
བལྟས་,2,0.017733640716439084
ལྷ་མིན་,2,0.017733640716439084
འཁྲིད་,2,0.017733640716439084
རི་རབ་,2,0.017733640716439084
ཐལ་བ་,2,0.017733640716439084
འདོར,2,0.017733640716439084
འཕྲད་,2,0.017733640716439084
སྣང་བ་,2,0.017733640716439084
འདོར་བ,2,0.017733640716439084
ཕྱི་མ་,2,0.017733640716439084
མ་ཟད,2,0.017733640716439084
རེ་ཙམ་,2,0.017733640716439084
རིམ་གྲོ་,2,0.017733640716439084
ཁོ་རང་,2,0.017733640716439084
གྲོགས་,2,0.017733640716439084
དྲག་པོ་,2,0.017733640716439084
རྒྱུན་ཆགས་,2,0.017733640716439084
འཆའ་,2,0.017733640716439084
ཆད་པ,2,0.017733640716439084
འབྱུང་ཁུངས་,2,0.017733640716439084
སེམས་རྒྱུད་,2,0.017733640716439084
འཇིགས་པ་,2,0.017733640716439084
སྲུང་མ་,2,0.017733640716439084
གསོད་བྱེད་,2,0.017733640716439084
གཤེད་མ,2,0.017733640716439084
དྲྭ་བ་,2,0.017733640716439084
གྱུར་བ་,2,0.017733640716439084
ན་བདག་,2,0.017733640716439084
འབྱུང་གནས་,2,0.017733640716439084
ནབདག་,2,0.017733640716439084
ལ་དུ,2,0.017733640716439084
ལྷན་ཅིག་,2,0.017733640716439084
ཆུང་ངུ་,2,0.017733640716439084
གཉིད་,2,0.017733640716439084
མ་རིག་པ་,2,0.017733640716439084
རྒྱས་,2,0.017733640716439084
མདའ་,2,0.017733640716439084
མདུང་,2,0.017733640716439084
མཚོན་,2,0.017733640716439084
ཕོག་པ,2,0.017733640716439084
ཁྱད་,2,0.017733640716439084
མ་གྲུབ་པ,2,0.017733640716439084
གཞོམ་,2,0.017733640716439084
དོན་མེད་,2,0.017733640716439084
རྨ་,2,0.017733640716439084
སྲོལ་,2,0.017733640716439084
སྐྱེད་པ་,2,0.017733640716439084
ཤུལ་,2,0.017733640716439084
ཉ་པ་,2,0.017733640716439084
ཞིང་པ་,2,0.017733640716439084
ཁག་,2,0.017733640716439084
མཐའ་དག་,2,0.017733640716439084
ནམ་མཁ,2,0.017733640716439084
མཐས་གཏུགས་པ,2,0.017733640716439084
ཚོད་,2,0.017733640716439084
སྤྲད་,2,0.017733640716439084
མ་གཏོགས་,2,0.017733640716439084
བལྟ་,2,0.017733640716439084
སྤང་བྱ,2,0.017733640716439084
སྣང་,2,0.017733640716439084
མགོ་བོ་,2,0.017733640716439084
བླ,2,0.017733640716439084
འདུད་པ,2,0.017733640716439084
དེས་ན,2,0.017733640716439084
རལ་གྲི,2,0.017733640716439084
བརྟས་,2,0.017733640716439084
དྲུངས་,2,0.017733640716439084
འབྱིན་,2,0.017733640716439084
དག་པ,2,0.017733640716439084
གར་,2,0.017733640716439084
གཞི་མེད་,2,0.017733640716439084
རྩ་,2,0.017733640716439084
མཛེས་,2,0.017733640716439084
གསུམ་པོ་,2,0.017733640716439084
གྲུབ་བོ་,2,0.017733640716439084
བསྒོམ་,2,0.017733640716439084
སྣང་བ,2,0.017733640716439084
མཁས་པ་,2,0.017733640716439084
སྤོང་,2,0.017733640716439084
གནད་,2,0.017733640716439084
ཇི་སྐད་,2,0.017733640716439084
སྨན་པ,2,0.017733640716439084
ཉན་,2,0.017733640716439084
བཅོ,2,0.017733640716439084
གཞུང་,2,0.017733640716439084
བཤད་,2,0.017733640716439084
རིག་པ་,2,0.017733640716439084
བརྗོད་དོན་,2,0.017733640716439084
བལྟ་བ་,2,0.017733640716439084
སྒེར་,2,0.017733640716439084
ཆོས་ལུགས་,2,0.017733640716439084
བསམ་བློ,2,0.017733640716439084
རིན་ཐང་,2,0.017733640716439084
འཕྲོག་པ,2,0.017733640716439084
གསར་པ,2,0.017733640716439084
རབས་,2,0.017733640716439084
བདེ་སྐྱིད་,2,0.017733640716439084
ཉམ་ཆུང་,2,0.017733640716439084
བསམ་བློ་,2,0.017733640716439084
གནས་ཚུལ་,2,0.017733640716439084
རིག་པ,2,0.017733640716439084
གཞུང་ལུགས་,2,0.017733640716439084
སྒྲིབ་པ,2,0.017733640716439084
ཞིབ་པ,2,0.017733640716439084
དབྱེ་,2,0.017733640716439084
ཅེས་པ,2,0.017733640716439084
མ་རིག་པ,2,0.017733640716439084
སྤོང་པ,2,0.017733640716439084
རྫོགས་པ་,2,0.017733640716439084
མངོན་དུ་,2,0.017733640716439084
ལྟ་བ་,2,0.017733640716439084
གཅོད་པ,2,0.017733640716439084
མགོ་གནོན་,2,0.017733640716439084
བྱམས་,2,0.017733640716439084
འགལ་བ,2,0.017733640716439084
མངོན་,2,0.017733640716439084
ཞེན་པ,2,0.017733640716439084
སྲེད་པ,2,0.017733640716439084
སྤངས་པ,2,0.017733640716439084
རྡུལ་རྫས་,2,0.017733640716439084
རྣམ་ཤེས་,2,0.017733640716439084
བདེ་གཤེགས་,2,0.017733640716439084
སྙིང་པོ་,2,0.017733640716439084
༢༠༢༡,1,0.008866820358219542
༡,1,0.008866820358219542
༩༈,1,0.008866820358219542
སེམས་སྐྱེས་པ་,1,0.008866820358219542
སྒོ་གསུམ་,1,0.008866820358219542
ཁོང་ཁྲོ,1,0.008866820358219542
གཞུང་དོན་,1,0.008866820358219542
སྦྱོར་,1,0.008866820358219542
རྗེས་,1,0.008866820358219542
བུར་,1,0.008866820358219542
སྨོན་པ་,1,0.008866820358219542
ནམ་ཡང་,1,0.008866820358219542
བརྟན་པ,1,0.008866820358219542
བཟུང་བ,1,0.008866820358219542
སྨིན་,1,0.008866820358219542
སྦྱང་,1,0.008866820358219542
བསླབ་བྱ,1,0.008866820358219542
ན་བླ་,1,0.008866820358219542
ཏེཤཱ་རི,1,0.008866820358219542
གདགས་པ,1,0.008866820358219542
གསང་བ་པ,1,0.008866820358219542
ཡ་,1,0.008866820358219542
རི་,1,0.008866820358219542
མ་ཡིན་པ་,1,0.008866820358219542
གཏོང་,1,0.008866820358219542
ལ་སོགས,1,0.008866820358219542
ཇི་སྙེད་པ,1,0.008866820358219542
ཏེགཏེར་,1,0.008866820358219542
བསྟན,1,0.008866820358219542
ལས་ཤིང་,1,0.008866820358219542
བཏུས་,1,0.008866820358219542
མ་ཆགས་པ་,1,0.008866820358219542
འདས་པ,1,0.008866820358219542
མི་འདོད་པ་,1,0.008866820358219542
དོགས་པ་,1,0.008866820358219542
འབྲུ་མར་,1,0.008866820358219542
གང་བ,1,0.008866820358219542
སྟེགས་,1,0.008866820358219542
འདྲེད་པ་,1,0.008866820358219542
འགལ་ཟླ་,1,0.008866820358219542
ཀུན་བཏུས་,1,0.008866820358219542
ནས་དགེ་བ,1,0.008866820358219542
འཕེལ་བ་,1,0.008866820358219542
འགྲིབ་པ,1,0.008866820358219542
རྟེན་བྱེད་པ,1,0.008866820358219542
འདུལ་བ་,1,0.008866820358219542
ཕྲན་ཚེགས་,1,0.008866820358219542
ཤིང་རྟ་,1,0.008866820358219542
དབུས་,1,0.008866820358219542
བལྟ་བ,1,0.008866820358219542
ཀླུ་སྒྲུབ་,1,0.008866820358219542
ཏེ་བག་མེད་པ,1,0.008866820358219542
བསྩལ་,1,0.008866820358219542
དགེ་ཆོས་,1,0.008866820358219542
སྤེལ་,1,0.008866820358219542
སླད་,1,0.008866820358219542
མཛོད,1,0.008866820358219542
བསྒྲུབ་བྱ་,1,0.008866820358219542
བརྩམས་པ་,1,0.008866820358219542
རིགས,1,0.008866820358219542
སྐྱོན་ཡོན་,1,0.008866820358219542
ཕན་གནོད་,1,0.008866820358219542
འགོ་,1,0.008866820358219542
བརྩམས་པ,1,0.008866820358219542
མཇུག་,1,0.008866820358219542
བྱེད་རྒྱུ,1,0.008866820358219542
ན་མུ་,1,0.008866820358219542
འཐུད་,1,0.008866820358219542
དོར་,1,0.008866820358219542
ནས་བཏང་བ,1,0.008866820358219542
སྲས,1,0.008866820358219542
བཤོལ་,1,0.008866820358219542
ཤེས་བྱ་,1,0.008866820358219542
ནས་གནས་སྐབས་,1,0.008866820358219542
ནསབདག་ཉིད་,1,0.008866820358219542
དཔག་པ,1,0.008866820358219542
བླངས་པ་,1,0.008866820358219542
དོར་བ་,1,0.008866820358219542
ཁྱིམ་པ,1,0.008866820358219542
སྡོམ་པ་,1,0.008866820358219542
སྒྲ,1,0.008866820358219542
ལྷུན་པོ་,1,0.008866820358219542
གཡོ་,1,0.008866820358219542
ཡི་དམ་,1,0.008866820358219542
ཅི་འདྲ,1,0.008866820358219542
བསྒྲལ་,1,0.008866820358219542
འགོད་པ,1,0.008866820358219542
ཏེ་ལུས་ངག་,1,0.008866820358219542
ན་སྔར་,1,0.008866820358219542
གཉེར་བ,1,0.008866820358219542
ཅི་འདྲ་,1,0.008866820358219542
མ་འཚལ་,1,0.008866820358219542
རྒྱ་མཚོ,1,0.008866820358219542
བློན་པོ་,1,0.008866820358219542
གྲོང་ཁྱེར་,1,0.008866820358219542
སང་,1,0.008866820358219542
བོས་,1,0.008866820358219542
སྐྱེ་བོ,1,0.008866820358219542
ཏེདེ་,1,0.008866820358219542
བསྒྲལ་བ་,1,0.008866820358219542
སྒྲོལ་བ་,1,0.008866820358219542
གྲོལ་བ་,1,0.008866820358219542
དགྲོལ་བ,1,0.008866820358219542
དབུགས་,1,0.008866820358219542
འབྱིན་པ,1,0.008866820358219542
འདའ་བ,1,0.008866820358219542
དབུགས་དབྱུང་,1,0.008866820358219542
ནབྱང་ཆུབ་,1,0.008866820358219542
གཞོག་,1,0.008866820358219542
འཕྱས་,1,0.008866820358219542
སྨོད་,1,0.008866820358219542
ཆུད་པ,1,0.008866820358219542
ལྷ་མ་,1,0.008866820358219542
སྨྲ་བ,1,0.008866820358219542
འཚོ,1,0.008866820358219542
འདི་སྐད་,1,0.008866820358219542
ཆེན་པོ་པ་,1,0.008866820358219542
འཚལ་,1,0.008866820358219542
ཟེར་,1,0.008866820358219542
ནགང་ཟག་,1,0.008866820358219542
ཚུལ་འཆོས་པ་,1,0.008866820358219542
བརྫུན་,1,0.008866820358219542
སླུ་བ,1,0.008866820358219542
ཕལ་པ་,1,0.008866820358219542
བསམ་པ,1,0.008866820358219542
སེར་སྣ,1,0.008866820358219542
བསགས་པ་,1,0.008866820358219542
རྣམ་འབྱེད་,1,0.008866820358219542
འབྲས་ཆན་,1,0.008866820358219542
ཚོད་མ,1,0.008866820358219542
འཇུངས་པ,1,0.008866820358219542
ཐག་པ,1,0.008866820358219542
མགྲོན་གཉེར་,1,0.008866820358219542
རམ,1,0.008866820358219542
ན་མ་,1,0.008866820358219542
མཆིས་,1,0.008866820358219542
དགོད་,1,0.008866820358219542
ཞེ་,1,0.008866820358219542
ཐག་པ་,1,0.008866820358219542
ནས་བོས་པ,1,0.008866820358219542
ཏེའགྲོ་བ་,1,0.008866820358219542
ངེས་ལེགས་,1,0.008866820358219542
སྡུད་པ,1,0.008866820358219542
ལྷུར་,1,0.008866820358219542
བརྗོད་པ,1,0.008866820358219542
རྫུན་,1,0.008866820358219542
ཐ་མ་,1,0.008866820358219542
མཁྱེན,1,0.008866820358219542
དགེ་རྩ,1,0.008866820358219542
གཏམ་རྒྱུད་,1,0.008866820358219542
ནི་ལ,1,0.008866820358219542
བྱེ་བྲག་པ་,1,0.008866820358219542
གོང་རོལ་,1,0.008866820358219542
དཀར་བ་,1,0.008866820358219542
ནག་པ,1,0.008866820358219542
དཀར་ནག་,1,0.008866820358219542
ལྐོག་གྱུར་,1,0.008866820358219542
སོ་སྐྱེ,1,0.008866820358219542
ཁྱབ་པ་,1,0.008866820358219542
སྨིན་པ་,1,0.008866820358219542
མཁྱེན་,1,0.008866820358219542
ཟླ་འོད་,1,0.008866820358219542
སློབ་པ་,1,0.008866820358219542
སྡིག་ཅན་,1,0.008866820358219542
ནས་ལག་པ་,1,0.008866820358219542
བསླངས་པ་,1,0.008866820358219542
ནས་གཡོན་པ,1,0.008866820358219542
ནས་གཡོན་པ་,1,0.008866820358219542
ལེན་,1,0.008866820358219542
ནས་བསྐྱུར་བ་,1,0.008866820358219542
ཐུགས་,1,0.008866820358219542
སྐྱོ་,1,0.008866820358219542
མགུ་བ,1,0.008866820358219542
ནས་བྱང་ཆུབ་,1,0.008866820358219542
ཡང་ཕྱི,1,0.008866820358219542
གསེར་མདོག་,1,0.008866820358219542
ལས་བྱང་,1,0.008866820358219542
བཅུར་,1,0.008866820358219542
གསེར,1,0.008866820358219542
ཉལ་བ་,1,0.008866820358219542
གཟིགས,1,0.008866820358219542
བསྟོད་པ་,1,0.008866820358219542
རྨ་བྱ,1,0.008866820358219542
མདོང་,1,0.008866820358219542
བཀྲ་,1,0.008866820358219542
དབྱེ་བ་,1,0.008866820358219542
དམན,1,0.008866820358219542
བཏང་བ་,1,0.008866820358219542
ནས་སླར་,1,0.008866820358219542
མ་ལུས་པ་,1,0.008866820358219542
ཐེག་ཆེན་,1,0.008866820358219542
འཕགས་པ,1,0.008866820358219542
གེགས་བྱེད་,1,0.008866820358219542
སྡུད་པ་,1,0.008866820358219542
ལས་ལམ་,1,0.008866820358219542
བྱུང་ཚུལ་,1,0.008866820358219542
ཕས་,1,0.008866820358219542
ལྕི,1,0.008866820358219542
གེགས་བྱེད་པ,1,0.008866820358219542
དམན་,1,0.008866820358219542
རླབས་པོ་ཆེ་,1,0.008866820358219542
ན་འདི,1,0.008866820358219542
གེགས་བྱེད་པ་,1,0.008866820358219542
འགེག་པ་,1,0.008866820358219542
ཆུང་བ,1,0.008866820358219542
བྱེད་པ་པོ་,1,0.008866820358219542
གང་ལ་ལ,1,0.008866820358219542
འཛམ་བུ,1,0.008866820358219542
གླིང་བ,1,0.008866820358219542
བདོག་པ་,1,0.008866820358219542
ཕྲོགས་པ་,1,0.008866820358219542
སོང་བ་,1,0.008866820358219542
ཆངས་,1,0.008866820358219542
ན་དེ་དེ་,1,0.008866820358219542
ཉམས་འགྱུར་,1,0.008866820358219542
ནམ་མཁའ་,1,0.008866820358219542
མཐའ་ཡས་པ་,1,0.008866820358219542
གཞིག་པ་,1,0.008866820358219542
པོ་,1,0.008866820358219542
ཏེ་ནམ་མཁ,1,0.008866820358219542
ན་མེད་པ,1,0.008866820358219542
ནབདེ་འགྲོ་,1,0.008866820358219542
འཛམ་བུ་གླིང་,1,0.008866820358219542
བདག་པ་,1,0.008866820358219542
ཕྲོགས་,1,0.008866820358219542
གྲངས་མེད་པ,1,0.008866820358219542
དཀོན་མཆོག་,1,0.008866820358219542
ཟ་མ་ཏོག་,1,0.008866820358219542
རི་དྭགས་,1,0.008866820358219542
འབར་བ་,1,0.008866820358219542
སྟོབས་ལྡན་པ་,1,0.008866820358219542
རེས་,1,0.008866820358219542
འདྲེས་,1,0.008866820358219542
ཐོགས,1,0.008866820358219542
བཏང་བ,1,0.008866820358219542
རྩ་ལྟུང་,1,0.008866820358219542
ནདེ་དག་,1,0.008866820358219542
ན་རེ,1,0.008866820358219542
མོས་,1,0.008866820358219542
སྤེལ་མ,1,0.008866820358219542
ན་མཉམ་པ,1,0.008866820358219542
སྐྱོན་པ,1,0.008866820358219542
འབྲས་བུ,1,0.008866820358219542
རིམ་པ,1,0.008866820358219542
ནས་དུས་,1,0.008866820358219542
རེས་མོ,1,0.008866820358219542
རབ་དགའ་,1,0.008866820358219542
འཕགས་,1,0.008866820358219542
ནས་ཤུགས་,1,0.008866820358219542
ཞེས་པ,1,0.008866820358219542
གདོན་པ,1,0.008866820358219542
བསྒྲུབ་པ་,1,0.008866820358219542
སྤོང་བ་,1,0.008866820358219542
འདོན་པ་,1,0.008866820358219542
ཚོལ་བ་,1,0.008866820358219542
བསྒྲུབ་,1,0.008866820358219542
སྐྱེ་བ་ཕྱི་མ་,1,0.008866820358219542
ནས་འགྲོ་,1,0.008866820358219542
མཁྱེན་བརྩེ,1,0.008866820358219542
འདྲེན་པ,1,0.008866820358219542
མར་མེ་མཛད་,1,0.008866820358219542
ནས་འདས་,1,0.008866820358219542
གྲངས་མེད་པ་,1,0.008866820358219542
ནས་འཁོར་བ,1,0.008866820358219542
ཐུབ་,1,0.008866820358219542
བཀྲུ་,1,0.008866820358219542
སྤོར་,1,0.008866820358219542
བསྟན་པ,1,0.008866820358219542
ཆ,1,0.008866820358219542
ཕབ་,1,0.008866820358219542
འཁྲུངས་,1,0.008866820358219542
བདག་བྱེད་,1,0.008866820358219542
གཤགས་,1,0.008866820358219542
ཇི་ལྟ་བ་,1,0.008866820358219542
མི་དགེ་བ,1,0.008866820358219542
ཐུགས་རྗེ་,1,0.008866820358219542
བྲལ་བ,1,0.008866820358219542
ནས་ད་,1,0.008866820358219542
ཐུག་,1,0.008866820358219542
མང་བ་,1,0.008866820358219542
ལྕགས་སྒྲོག་,1,0.008866820358219542
དང༌,1,0.008866820358219542
སྟྭ་,1,0.008866820358219542
མི་ཟད་པ་,1,0.008866820358219542
ན་ངན་སོང་,1,0.008866820358219542
ན་སྡོམ་པ་,1,0.008866820358219542
རྒྱ་,1,0.008866820358219542
ན་འདི་,1,0.008866820358219542
ཚུལ,1,0.008866820358219542
རིན་པོ་ཆེ་,1,0.008866820358219542
བཀང་,1,0.008866820358219542
སྟེ་དབུལ་བ་,1,0.008866820358219542
འབུལ་བ,1,0.008866820358219542
འབུལ་བ་,1,0.008866820358219542
ནས་ཕྱོགས་,1,0.008866820358219542
སྟེ་འདི་ལྟར་,1,0.008866820358219542
བསླབས་,1,0.008866820358219542
ཁྲག་ཁྲིག་,1,0.008866820358219542
གདུགས་,1,0.008866820358219542
དང་བ་,1,0.008866820358219542
དན་,1,0.008866820358219542
མར་མེ,1,0.008866820358219542
ཕྲེང་བ་,1,0.008866820358219542
སྐོམ་,1,0.008866820358219542
དད་སེམས་,1,0.008866820358219542
མཆོད་,1,0.008866820358219542
འཇིག་པ,1,0.008866820358219542
ཉིན་ཞག་,1,0.008866820358219542
གཟུང་བ,1,0.008866820358219542
འཕགས,1,0.008866820358219542
སྙིགས་མ,1,0.008866820358219542
གསུངས་པ,1,0.008866820358219542
ཕུང་པོ་,1,0.008866820358219542
གསུམ་པ,1,0.008866820358219542
འདོན་པ,1,0.008866820358219542
གསོ་,1,0.008866820358219542
འབྱོར་བ་,1,0.008866820358219542
ཚང་བ་,1,0.008866820358219542
མུན་པ,1,0.008866820358219542
མི་ཁོམ་པ་,1,0.008866820358219542
ཏེ་ཡུལ་དབུས་,1,0.008866820358219542
ཚང་,1,0.008866820358219542
ཞིང་ལས་,1,0.008866820358219542
མཐའ་མ་,1,0.008866820358219542
བཀོལ་,1,0.008866820358219542
དེ་ལྟ,1,0.008866820358219542
དལ་,1,0.008866820358219542
འདུ་འཕྲོད་,1,0.008866820358219542
ན་ནམ་ཞིག་,1,0.008866820358219542
གམ་,1,0.008866820358219542
བཞི་བོ་,1,0.008866820358219542
ཤིག,1,0.008866820358219542
བརྙན་པོ་,1,0.008866820358219542
ད་ལམ་,1,0.008866820358219542
ལོང་,1,0.008866820358219542
ན་ལུས་སྟོབས་,1,0.008866820358219542
ནད་མེད་པ,1,0.008866820358219542
དེ་རིང་,1,0.008866820358219542
ཚེ་གང་,1,0.008866820358219542
བཟང་པོ་,1,0.008866820358219542
ཆུག་,1,0.008866820358219542
ཆོས་ཅན་,1,0.008866820358219542
བརྙན་པོ,1,0.008866820358219542
གཡར་བོ་,1,0.008866820358219542
འཁྱེར་,1,0.008866820358219542
རྒ་,1,0.008866820358219542
རང་འཐག་,1,0.008866820358219542
རི་མོ་,1,0.008866820358219542
སོ་བྱ་,1,0.008866820358219542
གང་ཡང་,1,0.008866820358219542
བརྣངས་,1,0.008866820358219542
ཚོམས་,1,0.008866820358219542
འབབས་པ,1,0.008866820358219542
རྒྱུན,1,0.008866820358219542
འདི་འདྲ་,1,0.008866820358219542
བསྒྲུབས་པ,1,0.008866820358219542
ཚེ་བསོད་,1,0.008866820358219542
ནམས་,1,0.008866820358219542
ཚོགས་པ,1,0.008866820358219542
གཡང་ས,1,0.008866820358219542
སློང་བ,1,0.008866820358219542
དགེ་,1,0.008866820358219542
སྐལ་ལྡན་,1,0.008866820358219542
སྤྱོད་པ,1,0.008866820358219542
ནསྐྱེ་བ་ཕྱི་མ་,1,0.008866820358219542
སྡུག་བསྔལ་བ་,1,0.008866820358219542
དེ་མེད་,1,0.008866820358219542
ནས་བདེ་འགྲོ་,1,0.008866820358219542
ནདེ་ལྟ་,1,0.008866820358219542
ཐོས་པ,1,0.008866820358219542
བཅོམ་ལྡན་,1,0.008866820358219542
གཡེངས་,1,0.008866820358219542
གཡེངས་པ,1,0.008866820358219542
བསྐྱོད་པ,1,0.008866820358219542
མཚོ་ཁ,1,0.008866820358219542
རེ་,1,0.008866820358219542
ཏེཡང་དག་པ,1,0.008866820358219542
དཔེར་ན,1,0.008866820358219542
ཤར་,1,0.008866820358219542
ནུབ་ཕྱོགས་,1,0.008866820358219542
ནུབ་,1,0.008866820358219542
ཤར་ཕྱོགས་,1,0.008866820358219542
བྱང་,1,0.008866820358219542
ལྷོ་ཕྱོགས་,1,0.008866820358219542
ལྷོ,1,0.008866820358219542
བྱང་ཕྱོགས་,1,0.008866820358219542
ཕུལ་,1,0.008866820358219542
ན་དགེ་སློང་,1,0.008866820358219542
ཇི་སྙམ་,1,0.008866820358219542
སེམས,1,0.008866820358219542
བརྒྱ་ལ་,1,0.008866820358219542
བརྒྱ་ལམ་,1,0.008866820358219542
གཡེང་,1,0.008866820358219542
དེ་སྐད་,1,0.008866820358219542
ངེས་ཤེས་,1,0.008866820358219542
འདྲོངས་,1,0.008866820358219542
བློ་སྦྱོང་,1,0.008866820358219542
དལ་བ,1,0.008866820358219542
དགའ་བ་,1,0.008866820358219542
སྐྱེ་སྒོ་,1,0.008866820358219542
ལམ་སྣེ་,1,0.008866820358219542
ཟིན་པ་,1,0.008866820358219542
ན་སྐྱེ་བ་ཕྱི་མ་,1,0.008866820358219542
སྟེ་རང་གཞན་,1,0.008866820358219542
འགྲུབ་པ་,1,0.008866820358219542
སྙམ་པ་,1,0.008866820358219542
སྦྱང་པ,1,0.008866820358219542
མནར་མེད་,1,0.008866820358219542
གནས་འགྱུ,1,0.008866820358219542
གཉན་པོ་,1,0.008866820358219542
གནོད་སེམས་,1,0.008866820358219542
དུས་མཐའ་,1,0.008866820358219542
བྱ་རྫོགས་,1,0.008866820358219542
སྐད་ཅིག་མ་,1,0.008866820358219542
ནཐོག་མ་,1,0.008866820358219542
བྱང་མ་,1,0.008866820358219542
གེགས་,1,0.008866820358219542
ནས་བདེ་འགྲོ,1,0.008866820358219542
མར་,1,0.008866820358219542
ཏེདྲན་པ་,1,0.008866820358219542
མེ་སྟག་,1,0.008866820358219542
བསྲེག་པ་,1,0.008866820358219542
ཆུང་ངུ,1,0.008866820358219542
རྣམ་ཐར་,1,0.008866820358219542
སྐྱེ,1,0.008866820358219542
ནས་ཅི་སྟེ་,1,0.008866820358219542
གས,1,0.008866820358219542
བསོགས་པ་,1,0.008866820358219542
ན་རྣམ་སྨིན་,1,0.008866820358219542
བྱང་བ,1,0.008866820358219542
ནས་མཐོ་རིས་,1,0.008866820358219542
ཏེ་རྒྱུ་མཚན་,1,0.008866820358219542
སྔ་མ,1,0.008866820358219542
ནས་ལས་ངན་,1,0.008866820358219542
དལ་བ་,1,0.008866820358219542
ན་དོན་,1,0.008866820358219542
ཡིད་བཞིན་,1,0.008866820358219542
ལྷག་པ,1,0.008866820358219542
ནསདུས་,1,0.008866820358219542
བསམ་སྦྱོར་,1,0.008866820358219542
གཉིས་ཀ,1,0.008866820358219542
འདྲིས་པ,1,0.008866820358219542
རྣམ་གཡེང་,1,0.008866820358219542
ཆུང་,1,0.008866820358219542
ནས་མི་ཚེ་,1,0.008866820358219542
སྟོང་ཟད་,1,0.008866820358219542
ནའདི་,1,0.008866820358219542
དེ་རང་ཉིད་,1,0.008866820358219542
ཁེ་ཉེན་,1,0.008866820358219542
གསེར་,1,0.008866820358219542
རིན་ཆེན་,1,0.008866820358219542
སྤྲས་པ་,1,0.008866820358219542
ངན་སྐྱུགས་,1,0.008866820358219542
འཕྱུག་པ,1,0.008866820358219542
བགྱིད་པ་,1,0.008866820358219542
བླུན་པོ་,1,0.008866820358219542
ལགས,1,0.008866820358219542
མི་རྟག་པ་,1,0.008866820358219542
མུ་མེད་པ,1,0.008866820358219542
ཕྱི་མ,1,0.008866820358219542
ནས་ཤེས་བཞིན་,1,0.008866820358219542
ལེ་ལོ,1,0.008866820358219542
ནམི་,1,0.008866820358219542
འགྱོད་,1,0.008866820358219542
བཟད་,1,0.008866820358219542
འབར་བ,1,0.008866820358219542
གདུང་,1,0.008866820358219542
ཟ,1,0.008866820358219542
འཆི་ཁ,1,0.008866820358219542
གནོང་འགྱོད་,1,0.008866820358219542
ཤི་,1,0.008866820358219542
ནས་ངན་སོང་,1,0.008866820358219542
ན་དམྱལ་བ,1,0.008866820358219542
གཅེས་,1,0.008866820358219542
ཕངས་པ,1,0.008866820358219542
གཞོན་ཤ་,1,0.008866820358219542
བསྲེགས་པ,1,0.008866820358219542
ནདེ་དུས་,1,0.008866820358219542
དྲན་,1,0.008866820358219542
ནས་ཡང་,1,0.008866820358219542
མི་བཟད་པ,1,0.008866820358219542
ཁོངས་,1,0.008866820358219542
འབར་,1,0.008866820358219542
ཏེ་སེམས་,1,0.008866820358219542
གདུང་བ,1,0.008866820358219542
ཟ་བ་,1,0.008866820358219542
ཐེ་,1,0.008866820358219542
ཚོམ་,1,0.008866820358219542
མོ,1,0.008866820358219542
སྟེས་,1,0.008866820358219542
ཁྲིད་,1,0.008866820358219542
ན་རང་གཞན་,1,0.008866820358219542
ལོ་ཏོག་,1,0.008866820358219542
གཞི་,1,0.008866820358219542
ས་གཞི་,1,0.008866820358219542
བཟང་བོ་,1,0.008866820358219542
སྔོན་བསགས་,1,0.008866820358219542
སྟེས་དབང་,1,0.008866820358219542
ནསད་ལྟ་,1,0.008866820358219542
སྤང་བླང་,1,0.008866820358219542
ཇི་བཞིན་,1,0.008866820358219542
འབྱེད་པ,1,0.008866820358219542
ཞེ་འདོད་,1,0.008866820358219542
ཏེ་སླར་ཡང་,1,0.008866820358219542
མནར་བ,1,0.008866820358219542
ཉམ་ང་བ་,1,0.008866820358219542
འཁྲིད་པ,1,0.008866820358219542
ན་འོས་,1,0.008866820358219542
ཅི,1,0.008866820358219542
བྲམ་ཟེ་,1,0.008866820358219542
ངན་སྔགས་པ་,1,0.008866820358219542
འགའ་,1,0.008866820358219542
བཏབ་,1,0.008866820358219542
སྟེ་རྨོངས་པ་,1,0.008866820358219542
ནས་དབང་ཕྱུག་,1,0.008866820358219542
ཁྲིད་པ་,1,0.008866820358219542
རྟོག་དཔྱོད་,1,0.008866820358219542
དྲན་ཤེས་,1,0.008866820358219542
འཆོལ་,1,0.008866820358219542
ཉོག་,1,0.008866820358219542
ཐབས་མེད་,1,0.008866820358219542
ནོངས,1,0.008866820358219542
རྐང་ལག་,1,0.008866820358219542
ལ་སོགས་,1,0.008866820358219542
དཔའ་མཛངས་,1,0.008866820358219542
བྱས,1,0.008866820358219542
དཔྱད་པ་,1,0.008866820358219542
ཇི་ལྟ་བུ་,1,0.008866820358219542
འདུག་,1,0.008866820358219542
མནར་སེམས་པ,1,0.008866820358219542
རྐང་པ་,1,0.008866820358219542
དཔའ་,1,0.008866820358219542
བརྟུལ་ཕོད་པ་,1,0.008866820358219542
མཛངས་པ་,1,0.008866820358219542
བཀོལ་བ,1,0.008866820358219542
ནས་ཐར་,1,0.008866820358219542
སྦྱོར་བ,1,0.008866820358219542
གནས་མིན་,1,0.008866820358219542
གཅེས་པ,1,0.008866820358219542
འབྲལ་བ་,1,0.008866820358219542
ནས་གནས་,1,0.008866820358219542
ཅི་དགའ་,1,0.008866820358219542
བཟང་ལན་,1,0.008866820358219542
ངན་,1,0.008866820358219542
མཇལ་,1,0.008866820358219542
ཁྲོ་བ,1,0.008866820358219542
འཇོམས་པ,1,0.008866820358219542
ཇི་,1,0.008866820358219542
མིན་ནམ་,1,0.008866820358219542
གནས་མིན་པ་,1,0.008866820358219542
བླང་བ,1,0.008866820358219542
ནས་སྤང་བ,1,0.008866820358219542
བཞི་བརྒྱ་པ་,1,0.008866820358219542
རྣམས,1,0.008866820358219542
ལངས་,1,0.008866820358219542
ནུས,1,0.008866820358219542
དམག་དཔོན་,1,0.008866820358219542
བསྡོངས་,1,0.008866820358219542
ལངས་པ,1,0.008866820358219542
འཕྲོག་པ་,1,0.008866820358219542
བརྡུང་,1,0.008866820358219542
བརྡེག་,1,0.008866820358219542
བཙོན་,1,0.008866820358219542
འཕྲོག་,1,0.008866820358219542
ཙམ,1,0.008866820358219542
རྫོགས,1,0.008866820358219542
ཞི་བདེ་,1,0.008866820358219542
གཅོད,1,0.008866820358219542
བཅིངས,1,0.008866820358219542
ཕྲད་,1,0.008866820358219542
མི་ལུས་པ,1,0.008866820358219542
ན་ཤ་རུས་,1,0.008866820358219542
རི,1,0.008866820358219542
ལྷག་མ་,1,0.008866820358219542
མི་ལུས་པ་,1,0.008866820358219542
སྲེག་པ,1,0.008866820358219542
ནུབ་མ་,1,0.008866820358219542
འཕེན་པ,1,0.008866820358219542
ཐོག་མཐའ་,1,0.008866820358219542
གང་ཡིན་པ་,1,0.008866820358219542
དུ་བ,1,0.008866820358219542
ན་འཁོར་བ་,1,0.008866820358219542
མཐའ་མེད་,1,0.008866820358219542
མི་མིན་,1,0.008866820358219542
འཇིག་རྟེན་པ,1,0.008866820358219542
ཐུང་ངུ་,1,0.008866820358219542
སླ་བ་,1,0.008866820358219542
ཡུན་རིང་པོ,1,0.008866820358219542
ཆུ་བོ,1,0.008866820358219542
ཐུན་,1,0.008866820358219542
ཙནྡྲ་,1,0.008866820358219542
གོ་མི,1,0.008866820358219542
ནད་གཞི་,1,0.008866820358219542
མཛེ་,1,0.008866820358219542
རྐང་བ་,1,0.008866820358219542
ཐང་འགའ་,1,0.008866820358219542
སྨན་བསྟེན་པ་,1,0.008866820358219542
བགྱི,1,0.008866820358219542
མཆིས,1,0.008866820358219542
བདེ་བྱེད་,1,0.008866820358219542
ཕྱིར་ཞིང་,1,0.008866820358219542
གུས་པ་,1,0.008866820358219542
ཏེ་མཉེས་,1,0.008866820358219542
ནདེ,1,0.008866820358219542
འབངས་འཁོར་,1,0.008866820358219542
གྲལ་,1,0.008866820358219542
བཙུད་,1,0.008866820358219542
སྐྱོབས་,1,0.008866820358219542
ནས་ཅི་,1,0.008866820358219542
ཚིམ་པ་,1,0.008866820358219542
ངན་གོམས་,1,0.008866820358219542
ནས་ཕྱིར་ཞིང་,1,0.008866820358219542
གཅིག་པུ,1,0.008866820358219542
འཇིགས་མེད་,1,0.008866820358219542
དགའ་བ,1,0.008866820358219542
ནས་དུས་ཡུན་,1,0.008866820358219542
བོ་བ,1,0.008866820358219542
སྐྱེལ་བ,1,0.008866820358219542
གཅིག་པུ་,1,0.008866820358219542
འབྲལ་,1,0.008866820358219542
ནའཁོར་བ,1,0.008866820358219542
འདི་རུ་,1,0.008866820358219542
ལ་དོན་,1,0.008866820358219542
དགའ་བདེ,1,0.008866820358219542
བཙོན་ར,1,0.008866820358219542
བཙོན་ར་,1,0.008866820358219542
སྲོག་གཅོད་པ,1,0.008866820358219542
ནས་ཆགས་པ,1,0.008866820358219542
བཙུད་པ་,1,0.008866820358219542
འདི་སྐབས་,1,0.008866820358219542
དཔལ་,1,0.008866820358219542
རིན་པོ་ཆེ,1,0.008866820358219542
ཞལ་,1,0.008866820358219542
རྫོང་,1,0.008866820358219542
ནས་རྟག་,1,0.008866820358219542
གོ་སྐབས་,1,0.008866820358219542
དེ་མེད་པ་,1,0.008866820358219542
སྤྱང་ཀི་,1,0.008866820358219542
ལུག་,1,0.008866820358219542
སྦྲེལ་,1,0.008866820358219542
ན་ལུག་,1,0.008866820358219542
སྐབས་མེད་པ་,1,0.008866820358219542
མཛད་,1,0.008866820358219542
བདོ་,1,0.008866820358219542
རུང་པ་,1,0.008866820358219542
སྐྱེད་བྱེད་,1,0.008866820358219542
མཐོང་ཆོས་,1,0.008866820358219542
ཞུགས་པ,1,0.008866820358219542
ཏེདཔེར་ན་,1,0.008866820358219542
ཐ་མལ་པ,1,0.008866820358219542
ཚིག་ངན་,1,0.008866820358219542
ཁྲོས་པ,1,0.008866820358219542
བདོ་བ་,1,0.008866820358219542
འོང་བ་,1,0.008866820358219542
དངར་,1,0.008866820358219542
ནན་,1,0.008866820358219542
འབྱེར་,1,0.008866820358219542
བར་མི་,1,0.008866820358219542
འཆི་བ་,1,0.008866820358219542
སྐྲག་,1,0.008866820358219542
ནས་སྡུག་བསྔལ་,1,0.008866820358219542
བསྐུལ་,1,0.008866820358219542
ཏེ་ཡིད་,1,0.008866820358219542
འཁྲུགས་པ་,1,0.008866820358219542
དཔུང་,1,0.008866820358219542
བསྒྲིགས་,1,0.008866820358219542
དངར་པ,1,0.008866820358219542
དཔའ་སྟོབས་,1,0.008866820358219542
ལྷག་པར་,1,0.008866820358219542
དེ་རང་,1,0.008866820358219542
དྲག་པོ,1,0.008866820358219542
རྒྱལ་ཁ,1,0.008866820358219542
འགྲུབ་,1,0.008866820358219542
ཁ་ཕྱི,1,0.008866820358219542
འབྱེར་བ་,1,0.008866820358219542
བྲོས་པ,1,0.008866820358219542
ཕར་,1,0.008866820358219542
ཚུར་,1,0.008866820358219542
སྣ་ཚོགས་པ་,1,0.008866820358219542
རྩོམ་པ་,1,0.008866820358219542
སྤྲད་པ,1,0.008866820358219542
མི་འགྱུར་བ,1,0.008866820358219542
ཐུལ་,1,0.008866820358219542
བཏོད་པ་,1,0.008866820358219542
སྲེལ་,1,0.008866820358219542
སྡུག་,1,0.008866820358219542
ནས་ཁྲོ,1,0.008866820358219542
འཁྲུག་,1,0.008866820358219542
འཐབ་,1,0.008866820358219542
མཚོན་ཆ,1,0.008866820358219542
གདོང་,1,0.008866820358219542
བཏོད་པ,1,0.008866820358219542
མཚོན་པ,1,0.008866820358219542
རྟགས་,1,0.008866820358219542
སུ་ལུ,1,0.008866820358219542
རྒྱན་ཆ་,1,0.008866820358219542
སྲེལ་བ་,1,0.008866820358219542
འཆང་བ,1,0.008866820358219542
ནརང་གཞན་,1,0.008866820358219542
ཏེ་མཐར་ཐུག་,1,0.008866820358219542
གདོལ་པ་,1,0.008866820358219542
སེམས་པ་,1,0.008866820358219542
གྲང་,1,0.008866820358219542
ཚ་ལ་,1,0.008866820358219542
སོགས་པ,1,0.008866820358219542
ལྟས་,1,0.008866820358219542
བཟོད,1,0.008866820358219542
གཤོར་,1,0.008866820358219542
ཆོམ་རྐུན་,1,0.008866820358219542
གདོལ་བ་,1,0.008866820358219542
སོ་ནམ་,1,0.008866820358219542
བྲན་གཡོག་,1,0.008866820358219542
ངན་ངོན་,1,0.008866820358219542
སེམས་པ,1,0.008866820358219542
དམིགས་ཡུལ་,1,0.008866820358219542
གྲང་བ་,1,0.008866820358219542
ཚ་བ་,1,0.008866820358219542
ཆུ་སྲིན་,1,0.008866820358219542
དུག་སྦྲུལ་,1,0.008866820358219542
གཅན་གཟན་,1,0.008866820358219542
ནམཐའ་ཡས་པ,1,0.008866820358219542
དེ་བཟོད་པ,1,0.008866820358219542
ཇི་སྙེད་པ་,1,0.008866820358219542
ནད་ལྟ,1,0.008866820358219542
ནས་གཞན་དོན་,1,0.008866820358219542
ལྟ་ཞོག,1,0.008866820358219542
རང་དོན་,1,0.008866820358219542
སྒྲོལ་བ,1,0.008866820358219542
སྤོབས་པ་,1,0.008866820358219542
ཏེ་སྨྱོན་པ་,1,0.008866820358219542
ཁྱད་མེད་,1,0.008866820358219542
ནས་བག་,1,0.008866820358219542
གདུལ་བ་,1,0.008866820358219542
ཞེན་,1,0.008866820358219542
དང་པོ་པ,1,0.008866820358219542
ཕྱིར་དུ་,1,0.008866820358219542
བསྟེན་པ་,1,0.008866820358219542
ནས་འདུན་པ་,1,0.008866820358219542
དེ་ཞེན་འཛིན་,1,0.008866820358219542
ནས་ཉོན་མོངས་པ་,1,0.008866820358219542
བརྟན་པོ,1,0.008866820358219542
གཉེན་,1,0.008866820358219542
དཔུང་ཚོགས་,1,0.008866820358219542
ནས་སྤང་བྱ,1,0.008866820358219542
ནས་བསྟེན་པ,1,0.008866820358219542
གཏོགས་,1,0.008866820358219542
ཏམ,1,0.008866820358219542
མེ་དོང་,1,0.008866820358219542
གསོན་པོ,1,0.008866820358219542
བསད་པ,1,0.008866820358219542
ཏམ་,1,0.008866820358219542
དེ་བསད་,1,0.008866820358219542
སླ་,1,0.008866820358219542
ཤི་བ་,1,0.008866820358219542
མགོ་,1,0.008866820358219542
འདོག་པ,1,0.008866820358219542
སྟེགཏན་,1,0.008866820358219542
མཐའ་མེད་པ་,1,0.008866820358219542
ཐ་མལ་,1,0.008866820358219542
འདྲ་མ་,1,0.008866820358219542
ཐ་མལ་བ,1,0.008866820358219542
རང་ཡུལ་,1,0.008866820358219542
རྒྱང་,1,0.008866820358219542
ཕུད་,1,0.008866820358219542
ས་ཕྱོགས་,1,0.008866820358219542
བཙན་པོ་,1,0.008866820358219542
དབྱུང་,1,0.008866820358219542
མཁན་,1,0.008866820358219542
གནོད་ལན་,1,0.008866820358219542
འཇལ་,1,0.008866820358219542
ཚར་གཅོད་པ,1,0.008866820358219542
ངང་ཚུལ་,1,0.008866820358219542
ལུགས་,1,0.008866820358219542
འདྲ་བ་,1,0.008866820358219542
ཏེ་གཉེན་པོ,1,0.008866820358219542
སྟེ་སྤངས་,1,0.008866820358219542
ན་དེ་ནས་,1,0.008866820358219542
སྤངས་བ་,1,0.008866820358219542
གཟུང་,1,0.008866820358219542
ནས་གནས་པ་,1,0.008866820358219542
འཕེལ་,1,0.008866820358219542
ནས་སླར་ཡང་,1,0.008866820358219542
ཕྱིར་རྒོལ་,1,0.008866820358219542
འོང་བ,1,0.008866820358219542
ཞན་,1,0.008866820358219542
འགལ་པ,1,0.008866820358219542
ཤིང་གནས་,1,0.008866820358219542
མི་མཐུན་པ,1,0.008866820358219542
ཏེ་སྤངས་པ,1,0.008866820358219542
ཡུལ་མེད་,1,0.008866820358219542
ནས་བདག་,1,0.008866820358219542
ནས་འོང་བ་,1,0.008866820358219542
བློ་སྟོབས་,1,0.008866820358219542
ཞན་པ་,1,0.008866820358219542
སྙིང་སྟོབས་,1,0.008866820358219542
མ་ནུ,1,0.008866820358219542
ཟད་,1,0.008866820358219542
ནས་ཕྱིར་,1,0.008866820358219542
སྒྱུ་,1,0.008866820358219542
བསྟེན,1,0.008866820358219542
དཔྱོད་,1,0.008866820358219542
ཚད་མ,1,0.008866820358219542
ཏེ་ཡུལ་,1,0.008866820358219542
མཐོང་སྣང་,1,0.008866820358219542
དུལ་བ་,1,0.008866820358219542
དམིགས་པ,1,0.008866820358219542
དབང་པོ,1,0.008866820358219542
ཏེ་མིག་,1,0.008866820358219542
ཡུལ་མེད་པ་,1,0.008866820358219542
གཟུགས་འཛིན་,1,0.008866820358219542
ལོང་བ་,1,0.008866820358219542
ན་ཉོན་མོངས་,1,0.008866820358219542
ནས་འགྲོ་བ་,1,0.008866820358219542
དེ་གང་,1,0.008866820358219542
ཀུན་རྫོབ་,1,0.008866820358219542
བརྟག་,1,0.008866820358219542
སྣང་ངོ,1,0.008866820358219542
ངོ,1,0.008866820358219542
སྒྱུ་མ་,1,0.008866820358219542
རྫུན་པ་,1,0.008866820358219542
སྟེ་བརྩོན་པ་,1,0.008866820358219542
ན་དོན་མེད་,1,0.008866820358219542
དུའམ་,1,0.008866820358219542
འཁྲུལ་བ,1,0.008866820358219542
ཞི་བ་འཚོ,1,0.008866820358219542
བསྒྲིམས་པ་,1,0.008866820358219542
ཁོ་ན་ཉིད་,1,0.008866820358219542
སྐྱོན,1,0.008866820358219542
གོ,1,0.008866820358219542
ངག་མ་,1,0.008866820358219542
སོས་པ་,1,0.008866820358219542
སྣ་ཚོགས་པ,1,0.008866820358219542
རྒྱུ་མཚན,1,0.008866820358219542
ངོས་ཟིན་པ,1,0.008866820358219542
ཏེ་སྤོང་བ,1,0.008866820358219542
ཐབས་ཤེས་,1,0.008866820358219542
སྟེདཔེར་ན་,1,0.008866820358219542
ནད་བཅོས་པ,1,0.008866820358219542
སྤྱོད་ལམ་,1,0.008866820358219542
བསྒོ་བ,1,0.008866820358219542
ངག་,1,0.008866820358219542
གསོ་དཔྱད་,1,0.008866820358219542
སྨན་རིགས་,1,0.008866820358219542
ཅི་ཙམ་,1,0.008866820358219542
ནད་པ,1,0.008866820358219542
ལུས་སོ,1,0.008866820358219542
བཟང་པོ,1,0.008866820358219542
རྐྱལ་པ་,1,0.008866820358219542
ཐོགས་པ་,1,0.008866820358219542
རེས་འགའ་,1,0.008866820358219542
བཙལ,1,0.008866820358219542
བཙལ་བ་,1,0.008866820358219542
དེདེ,1,0.008866820358219542
གཏང་བ,1,0.008866820358219542
ཕངས་པ་,1,0.008866820358219542
ན་བ་,1,0.008866820358219542
འཐུང་,1,0.008866820358219542
མ་ལན་,1,0.008866820358219542
སྡོང་པོ་,1,0.008866820358219542
བཀོད་པ,1,0.008866820358219542
འོན་པ་,1,0.008866820358219542
རོལ་མོ་,1,0.008866820358219542
མཁན,1,0.008866820358219542
དགའ་བྱེད་,1,0.008866820358219542
འཐུངས་,1,0.008866820358219542
སྐོམ་པ་,1,0.008866820358219542
སེལ,1,0.008866820358219542
བསླབ་སྡོམ་,1,0.008866820358219542
ནས་དེ་ཉིད་,1,0.008866820358219542
སྤྱོད་འཇུག་,1,0.008866820358219542
བསྡུ་བ,1,0.008866820358219542
སྔ་མ་,1,0.008866820358219542
མམ་,1,0.008866820358219542
ཐ་མ,1,0.008866820358219542
གལ་པོ་,1,0.008866820358219542
བལྟ,1,0.008866820358219542
ནས་སྤང་,1,0.008866820358219542
ན་སྤོང་,1,0.008866820358219542
གལ་,1,0.008866820358219542
བྱེ་བྲག་,1,0.008866820358219542
ཁམས,1,0.008866820358219542
ངོས་,1,0.008866820358219542
གང་ཡིན་,1,0.008866820358219542
འོས་པ་,1,0.008866820358219542
གནའ་བོ,1,0.008866820358219542
གདོད་མ,1,0.008866820358219542
ཇི་ཙམ་,1,0.008866820358219542
བྱེད་པོ་,1,0.008866820358219542
ལྷ་མོ་,1,0.008866820358219542
རོལ་བ་,1,0.008866820358219542
གླང་པོ་ཆེ་,1,0.008866820358219542
ཁལ་,1,0.008866820358219542
ཆང་,1,0.008866820358219542
བཏུང་,1,0.008866820358219542
མཛེས་མ་,1,0.008866820358219542
སི་ཏཱ་,1,0.008866820358219542
སྲིད་པ་,1,0.008866820358219542
བརླགས་པ,1,0.008866820358219542
ལྷ་སྒྲུང་,1,0.008866820358219542
སྙན་ངག་,1,0.008866820358219542
ཤུགས་དྲག་པ་,1,0.008866820358219542
ནས་བསྟོད་,1,0.008866820358219542
བཙུན་མོ་,1,0.008866820358219542
མངའ་ཐང་,1,0.008866820358219542
ས་ཁུལ་,1,0.008866820358219542
ནོར་རྫས་,1,0.008866820358219542
ཡུལ་ཁམས་,1,0.008866820358219542
དམག་,1,0.008866820358219542
དྲངས་,1,0.008866820358219542
ལོ་རྒྱུས་,1,0.008866820358219542
གཟི་བརྗིད་,1,0.008866820358219542
བསྒྲོགས་,1,0.008866820358219542
ནུབ་ཕྱོགས་པ,1,0.008866820358219542
འཁྲུགས་འཛིངས་,1,0.008866820358219542
ན་འཚོ་བ་,1,0.008866820358219542
ཚོར་,1,0.008866820358219542
སྣང་མེད་པ་,1,0.008866820358219542
འགྲན་,1,0.008866820358219542
རྩོད་མེད་,1,0.008866820358219542
ན་བྱ་བ་,1,0.008866820358219542
ནུས་ཤུགས་,1,0.008866820358219542
བཟོད་སྒོམ་,1,0.008866820358219542
ཕམ་ཁ,1,0.008866820358219542
རུ་འཛིན་པ,1,0.008866820358219542
གྱུར་བ,1,0.008866820358219542
ཁོར་ཡུག་,1,0.008866820358219542
ཁྲོད་,1,0.008866820358219542
ཕམ་ཁ་,1,0.008866820358219542
ཁུར་བ་,1,0.008866820358219542
ལུས་པ,1,0.008866820358219542
མངོན,1,0.008866820358219542
གནའ་དུས་,1,0.008866820358219542
ཤེས་རིག་,1,0.008866820358219542
སྡེ་ཚན་,1,0.008866820358219542
ཁག,1,0.008866820358219542
ཡུལ་ལུང་,1,0.008866820358219542
ངོས་འཛིན་པ་,1,0.008866820358219542
ཞིབ་འཇུག་,1,0.008866820358219542
རིག་གཞུང་,1,0.008866820358219542
ཉམས་མྱོང་,1,0.008866820358219542
གྲུབ་འབྲས་,1,0.008866820358219542
ལྟ་གྲུབ་,1,0.008866820358219542
འཛམ་གླིང་,1,0.008866820358219542
གསལ,1,0.008866820358219542
རྣམ་དཔྱོད་,1,0.008866820358219542
ཕྱིན་པ་,1,0.008866820358219542
མུག་,1,0.008866820358219542
འཁྲུགས་,1,0.008866820358219542
རྩོད་,1,0.008866820358219542
ནས་ས་གཡོ་,1,0.008866820358219542
ཁྱིམ་ཚང་,1,0.008866820358219542
རྙོག་,1,0.008866820358219542
འཛིངས་,1,0.008866820358219542
གཏུག་,1,0.008866820358219542
ན་ཉོན་མོངས་པ་,1,0.008866820358219542
མཐའ་མི་,1,0.008866820358219542
བརྟན་པ་,1,0.008866820358219542
འདྲེས་པ,1,0.008866820358219542
སྦྲང་རྩི་,1,0.008866820358219542
ལྕེ,1,0.008866820358219542
ལྡག་པ་,1,0.008866820358219542
ལ་དུག་,1,0.008866820358219542
གསུམ,1,0.008866820358219542
ཕྲ་རྒྱས་,1,0.008866820358219542
གྱ་,1,0.008866820358219542
ན་ཚེ་སྲོག་,1,0.008866820358219542
ནས་ཡོད,1,0.008866820358219542
ན་ཕྱི་རོལ་,1,0.008866820358219542
ལོངས་སྤྱོད་,1,0.008866820358219542
མཐར་ཐུག་པ,1,0.008866820358219542
ཡུན་རིང་བ་,1,0.008866820358219542
དེ་མ་ཡིན་པ,1,0.008866820358219542
འཁྲུལ་བ་,1,0.008866820358219542
དངོས་པོ,1,0.008866820358219542
མི་མཐུན་པ་,1,0.008866820358219542
ནོར་བ,1,0.008866820358219542
ཅེ་ན,1,0.008866820358219542
ནང་བ་,1,0.008866820358219542
སངས་རྒྱས་པ,1,0.008866820358219542
ཆེ་ཆུང་,1,0.008866820358219542
མདོ་སྔགས་,1,0.008866820358219542
བསྡུས་པ,1,0.008866820358219542
འདུལ་བ,1,0.008866820358219542
རགས་ཙམ་,1,0.008866820358219542
ན་དེ་ལས་,1,0.008866820358219542
སྲིང་,1,0.008866820358219542
ཚོད་འཛིན་,1,0.008866820358219542
ཏེ་ཤུགས་,1,0.008866820358219542
སྟོང་པ་ཉིད་,1,0.008866820358219542
རིགས་གསུམ་,1,0.008866820358219542
བསྡུ་,1,0.008866820358219542
ན་ཆོག,1,0.008866820358219542
དབེན་པ,1,0.008866820358219542
ནས་སྡོམ་,1,0.008866820358219542
ཚུལ་བཞིན་,1,0.008866820358219542
སྡུག་པ་,1,0.008866820358219542
ཏིང་ངེ་འཛིན་,1,0.008866820358219542
སྐོར་,1,0.008866820358219542
ཏེཏིང་འཛིན་,1,0.008866820358219542
ཞི་,1,0.008866820358219542
ཚར་,1,0.008866820358219542
བསལ་བ,1,0.008866820358219542
ངེས་འབྱུང་,1,0.008866820358219542
བསྐོར་བ་,1,0.008866820358219542
ཆེ་ཕྲ་,1,0.008866820358219542
འཛིན་མ་,1,0.008866820358219542
ཚར་གཅོད་,1,0.008866820358219542
གཅོད་བྱེད་,1,0.008866820358219542
དེད་,1,0.008866820358219542
དེ་གཅོད་,1,0.008866820358219542
ང,1,0.008866820358219542
གང་དེ,1,0.008866820358219542
སྐྱེས,1,0.008866820358219542
འགའ་ཡང་,1,0.008866820358219542
རྒྱུག་,1,0.008866820358219542
ཅན,1,0.008866820358219542
འཇིག་ཚོགས་,1,0.008866820358219542
སྒྲུབ་བྱེད་,1,0.008866820358219542
ལེན,1,0.008866820358219542
ཤེས,1,0.008866820358219542
བདག་གཞན་,1,0.008866820358219542
སྡང་,1,0.008866820358219542
དེ་དོན་,1,0.008866820358219542
མཐུན་པ་,1,0.008866820358219542
ན་ཡོད་པ་,1,0.008866820358219542
བཙན་,1,0.008866820358219542
གོམས་པ་,1,0.008866820358219542
མཐོང་ལམ་,1,0.008866820358219542
ས་བཅུ་,1,0.008866820358219542
རྒྱུན་མཐ,1,0.008866820358219542
མཐོ་དམན་,1,0.008866820358219542
ཉོན་,1,0.008866820358219542
གཉིས་པོ་,1,0.008866820358219542
དབྱེ་བ,1,0.008866820358219542
ས་བཅུ,1,0.008866820358219542
རྒྱུན་མཐའ་,1,0.008866820358219542
དུ་ཡོད་པ་,1,0.008866820358219542
ན་ཤིན་ཏུ་,1,0.008866820358219542
མགོ་ཉོག་པ་,1,0.008866820358219542
སྦྱང་བྱ,1,0.008866820358219542
མདོར་བསྡུས་,1,0.008866820358219542
འབྱུང་,1,0.008866820358219542
གཙོ,1,0.008866820358219542
གཅོད་པ་,1,0.008866820358219542
བརྙེས་,1,0.008866820358219542
དབུ་,1,0.008866820358219542
ཐོས་བསམ་,1,0.008866820358219542
འབད་པ་,1,0.008866820358219542
གལ་ཆེ་བ་,1,0.008866820358219542
འགལ་བ་,1,0.008866820358219542
གཞུང་ལས་,1,0.008866820358219542
ཤ་ཁྲག་,1,0.008866820358219542
རུས་པ,1,0.008866820358219542
རུལ་བ་,1,0.008866820358219542
འཐོར་བ་,1,0.008866820358219542
མཉམ་,1,0.008866820358219542
སྐྱེ་འགག་,1,0.008866820358219542
སྔ་ཕྱི་,1,0.008866820358219542
འདོད,1,0.008866820358219542
གློ་བུར་,1,0.008866820358219542
ལོགས་,1,0.008866820358219542
འོད་གསལ་བ,1,0.008866820358219542
དྲི་མ་,1,0.008866820358219542
གློ་བུར་བ,1,0.008866820358219542
གཞི,1,0.008866820358219542
སངས་པ,1,0.008866820358219542
དག་པ་,1,0.008866820358219542
ཟློག་,1,0.008866820358219542
དྲངས་པ་,1,0.008866820358219542
སེམས་ཆེན་པོ,1,0.008866820358219542
འདུལ་ཞིང་,1,0.008866820358219542
